Gross Income,CPP,EI,Federal Tax,CAI,CWB,HST Credit,Provincial Tax,Provincial SurTax,OHIP,ONSTC,ON Works,Net Income,Effective Tax Rate,Marginal Tax Rate,Type,Rate of Change,OCB,CCB
1000,0,0,0,-154,0,-284,0,0,0,-308,-8796,10542,-9.542,0,Single No Kids,,,
2000,0,0,0,-154,0,-284,0,0,0,-308,-8796,11542,-4.771,0,Single No Kids,1000,,
3000,0,48.6,0,-154,0,-284,0,0,0,-308,-8496,12193.4,-3.064466667,0.3486,Single No Kids,651.4,,
4000,25.5,64.8,0,-154,-260,-284,0,0,0,-308,-7996,12911.7,-2.227925,0.2817,Single No Kids,718.3,,
5000,76.5,81,0,-154,-520,-284,0,0,0,-308,-7496,13604.5,-1.7209,0.3072,Single No Kids,692.8,,
6000,127.5,97.2,0,-154,-780,-284,0,0,0,-308,-6996,14297.3,-1.382883333,0.3072,Single No Kids,692.8,,
7000,178.5,113.4,0,-154,-1040,-284,0,0,0,-308,-6496,14990.1,-1.141442857,0.3072,Single No Kids,692.8,,
8000,229.5,129.6,0,-154,-1300,-284,0,0,0,-308,-5996,15682.9,-0.9603625,0.3072,Single No Kids,692.8,,
9000,280.5,145.8,0,-154,-1355,-284,0,0,0,-308,-5496,16170.7,-0.796744444,0.5122,Single No Kids,487.8,,
10000,331.5,162,0,-154,-1355,-299.82,0,0,0,-308,-4996,16619.32,-0.661932,0.55138,Single No Kids,448.62,,
11000,382.5,178.2,0,-154,-1355,-319.82,0,0,0,-308,-4496,17072.12,-0.552010909,0.5472,Single No Kids,452.8,,
12000,433.5,194.4,0,-154,-1355,-339.82,0,0,0,-308,-3996,17524.92,-0.46041,0.5472,Single No Kids,452.8,,
13000,484.5,210.6,0,-154,-1333.4,-359.82,0,0,0,-308,-3496,17956.12,-0.38124,0.5688,Single No Kids,431.2,,
14000,535.5,226.8,0,-154,-1213.4,-379.82,0,0,0,-308,-2996,18288.92,-0.306351429,0.6672,Single No Kids,332.8,,
15000,586.5,243,131.925,-154,-1093.4,-399.82,0,0,0,-308,-2496,18489.795,-0.232653,0.799125,Single No Kids,200.875,,
16000,637.5,259.2,271.845,-154,-973.4,-419.82,0,0,0,-308,-1996,18682.675,-0.167667188,0.80712,Single No Kids,192.88,,
17000,688.5,275.4,411.765,-154,-853.4,-439.82,0,0,0,-308,-1496,18875.555,-0.110326765,0.80712,Single No Kids,192.88,,
18000,739.5,291.6,551.685,-154,-733.4,-459.82,0,0,0,-308,-996,19068.435,-0.0593575,0.80712,Single No Kids,192.88,,
19000,790.5,307.8,691.605,-154,-613.4,-479.82,0,0,0,-308,-496,19261.315,-0.013753421,0.80712,Single No Kids,192.88,,
20000,841.5,324,831.525,-154,-493.4,-433,0,0,0,-308,0,19391.375,0.03043125,0.86994,Single No Kids,130.06,,
21000,892.5,340.2,971.445,-154,-373.4,-433,0,0,60,-308,0,20004.255,0.047416429,0.38712,Single No Kids,612.88,,
22000,943.5,356.4,1111.365,-154,-253.4,-433,0,0,120,-308,0,20617.135,0.0628575,0.38712,Single No Kids,612.88,,
23000,994.5,372.6,1251.285,-154,-133.4,-433,0,0,180,-334.6,0,21256.615,0.075799348,0.36052,Single No Kids,639.48,,
24000,1045.5,388.8,1391.205,-154,-13.4,-433,0,0,240,-321.2,0,21856.095,0.089329375,0.40052,Single No Kids,599.48,,
25000,1096.5,405,1531.125,-154,0,-433,0,0,300,-267.8,0,22522.175,0.099113,0.33392,Single No Kids,666.08,,
26000,1147.5,421.2,1671.045,-154,0,-433,0,0,300,-174.4,0,23221.655,0.106859423,0.30052,Single No Kids,699.48,,
27000,1198.5,437.4,1810.965,-154,0,-433,0,0,300,-41,0,23881.135,0.115513519,0.34052,Single No Kids,659.48,,
28000,1249.5,453.6,1950.885,-154,0,-433,0,0,300,0,0,24633.015,0.120249464,0.24812,Single No Kids,751.88,,
29000,1300.5,469.8,2090.805,-154,0,-433,0,0,300,0,0,25425.895,0.123245,0.20712,Single No Kids,792.88,,
30000,1351.5,486,2230.725,-154,0,-433,37.81525,0,300,0,0,26180.95975,0.127301342,0.24493525,Single No Kids,755.06475,,
31000,1402.5,502.2,2370.645,-154,0,-433,184.92165,0,300,0,0,26826.73335,0.134621505,0.3542264,Single No Kids,645.7736,,
32000,1453.5,518.4,2510.565,-154,0,-433,332.02805,0,300,0,0,27472.50695,0.141484158,0.3542264,Single No Kids,645.7736,,
33000,1504.5,534.6,2650.485,-154,0,-433,479.13445,0,300,0,0,28118.28055,0.147930892,0.3542264,Single No Kids,645.7736,,
34000,1555.5,550.8,2790.405,-154,0,-433,626.24085,0,300,0,0,28764.05415,0.153998407,0.3542264,Single No Kids,645.7736,,
35000,1606.5,567,2930.325,-154,0,-433,773.34725,0,300,0,0,29409.82775,0.159719207,0.3542264,Single No Kids,645.7736,,
36000,1657.5,583.2,3070.245,-154,0,-433,920.45365,0,300,0,0,30055.60135,0.165122185,0.3542264,Single No Kids,645.7736,,
37000,1708.5,599.4,3210.165,-154,0,-431.8,1067.56005,0,360,0,0,30640.17495,0.171887164,0.4154264,Single No Kids,584.5736,,
38000,1759.5,615.6,3350.085,-154,0,-381.8,1214.66645,0,420,0,0,31175.94855,0.179580301,0.4642264,Single No Kids,535.7736,,
39000,1810.5,631.8,3490.005,-154,0,-331.8,1311.77285,0,450,0,0,31791.72215,0.184827637,0.3842264,Single No Kids,615.7736,,
40000,1861.5,648,3629.925,-154,0,-281.8,1358.87925,0,450,0,0,32487.49575,0.187812606,0.3042264,Single No Kids,695.7736,,
41000,1912.5,664.2,3769.845,-154,0,-231.8,1405.98565,0,450,0,0,33183.26935,0.190651967,0.3042264,Single No Kids,695.7736,,
42000,1963.5,680.4,3909.765,-154,0,-181.8,1453.09205,0,450,0,0,33879.04295,0.19335612,0.3042264,Single No Kids,695.7736,,
43000,2014.5,696.6,4049.685,-154,0,-131.8,1500.19845,0,450,0,0,34574.81655,0.195934499,0.3042264,Single No Kids,695.7736,,
44000,2065.5,712.8,4189.605,-154,0,-81.8,1551.15585,0,450,0,0,35266.73915,0.198483201,0.3080774,Single No Kids,691.9226,,
45000,2116.5,729,4329.525,-154,0,-31.8,1639.26225,0,450,0,0,35921.51275,0.201744161,0.3452264,Single No Kids,654.7736,,
46000,2167.5,745.2,4469.445,-154,0,0,1727.36865,0,450,0,0,36594.48635,0.204467688,0.3270264,Single No Kids,672.9736,,
47000,2218.5,761.4,4609.365,-154,0,0,1815.47505,0,450,0,0,37299.25995,0.206398724,0.2952264,Single No Kids,704.7736,,
48000,2269.5,777.6,4770.135,-154,0,0,1903.58145,0,450,0,0,37983.18355,0.208683676,0.3160764,Single No Kids,683.9236,,
49000,2320.5,793.8,4965.055,-154,0,0,1991.68785,0,600,0,0,38482.95715,0.214633528,0.5002264,Single No Kids,499.7736,,
50000,2371.5,810,5159.975,-154,0,0,2079.79425,0,600,0,0,39132.73075,0.217345385,0.3502264,Single No Kids,649.7736,,
51000,2422.5,826.2,5354.895,-154,0,0,2167.90065,0,600,0,0,39782.50435,0.219950895,0.3502264,Single No Kids,649.7736,,
52000,2473.5,842.4,5549.815,-154,0,0,2256.00705,0,600,0,0,40432.27795,0.222456193,0.3502264,Single No Kids,649.7736,,
53000,2524.5,858.6,5744.735,-154,0,0,2344.11345,0,600,0,0,41082.05155,0.224866952,0.3502264,Single No Kids,649.7736,,
54000,2575.5,860.22,5941.842,-154,0,0,2432.95614,0,600,0,0,41743.48186,0.226972558,0.33856969,Single No Kids,661.43031,,
55000,2626.5,860.22,6139.192,-154,0,0,2521.88064,0,600,0,0,42406.20736,0.228978048,0.3372745,Single No Kids,662.7255,,
56000,2677.5,860.22,6336.542,-154,0,0,2610.80514,0,600,0,0,43068.93286,0.230911913,0.3372745,Single No Kids,662.7255,,
57000,2728.5,860.22,6533.892,-154,0,0,2699.72964,0,600,0,0,43731.65836,0.232777924,0.3372745,Single No Kids,662.7255,,
58000,2748.9,860.22,6735.832,-154,0,0,2790.19944,0,600,0,0,44418.84856,0.234157783,0.3128098,Single No Kids,687.1902,,
59000,2748.9,860.22,6940.832,-154,0,0,2881.69944,0,600,0,0,45122.34856,0.235214431,0.2965,Single No Kids,703.5,,
60000,2748.9,860.22,7145.832,-154,0,0,2973.19944,0,600,0,0,45825.84856,0.236235857,0.2965,Single No Kids,703.5,,
61000,2748.9,860.22,7350.832,-154,0,0,3064.69944,0,600,0,0,46529.34856,0.237223794,0.2965,Single No Kids,703.5,,
62000,2748.9,860.22,7555.832,-154,0,0,3156.19944,0,600,0,0,47232.84856,0.238179862,0.2965,Single No Kids,703.5,,
63000,2748.9,860.22,7760.832,-154,0,0,3247.69944,0,600,0,0,47936.34856,0.239105578,0.2965,Single No Kids,703.5,,
64000,2748.9,860.22,7965.832,-154,0,0,3339.19944,0,600,0,0,48639.84856,0.240002366,0.2965,Single No Kids,703.5,,
65000,2748.9,860.22,8170.832,-154,0,0,3430.69944,0,600,0,0,49343.34856,0.240871561,0.2965,Single No Kids,703.5,,
66000,2748.9,860.22,8375.832,-154,0,0,3522.19944,0,600,0,0,50046.84856,0.241714416,0.2965,Single No Kids,703.5,,
67000,2748.9,860.22,8580.832,-154,0,0,3613.69944,0,600,0,0,50750.34856,0.242532111,0.2965,Single No Kids,703.5,,
68000,2748.9,860.22,8785.832,-154,0,0,3705.19944,0,600,0,0,51453.84856,0.243325756,0.2965,Single No Kids,703.5,,
69000,2748.9,860.22,8990.832,-154,0,0,3796.69944,0,600,0,0,52157.34856,0.244096398,0.2965,Single No Kids,703.5,,
70000,2748.9,860.22,9195.832,-154,0,0,3888.19944,0,600,0,0,52860.84856,0.244845021,0.2965,Single No Kids,703.5,,
71000,2748.9,860.22,9400.832,-154,0,0,3979.69944,0,600,0,0,53564.34856,0.245572555,0.2965,Single No Kids,703.5,,
72000,2748.9,860.22,9605.832,-154,0,0,4071.19944,0,600,0,0,54267.84856,0.246279881,0.2965,Single No Kids,703.5,,
73000,2748.9,860.22,9810.832,-154,0,0,4162.69944,0,700,0,0,54871.34856,0.248337691,0.3965,Single No Kids,603.5,,
74000,2748.9,860.22,10015.832,-154,0,0,4254.19944,0,750,0,0,55524.84856,0.249664209,0.3465,Single No Kids,653.5,,
75000,2748.9,860.22,10220.832,-154,0,0,4345.69944,0,750,0,0,56228.34856,0.250288686,0.2965,Single No Kids,703.5,,
76000,2748.9,860.22,10425.832,-154,0,0,4437.19944,0,750,0,0,56931.84856,0.250896729,0.2965,Single No Kids,703.5,,
77000,2748.9,860.22,10630.832,-154,0,0,4528.69944,0,750,0,0,57635.34856,0.25148898,0.2965,Single No Kids,703.5,,
78000,2748.9,860.22,10835.832,-154,0,0,4620.19944,0,750,0,0,58338.84856,0.252066044,0.2965,Single No Kids,703.5,,
79000,2748.9,860.22,11040.832,-154,0,0,4711.69944,0,750,0,0,59042.34856,0.252628499,0.2965,Single No Kids,703.5,,
80000,2748.9,860.22,11245.832,-154,0,0,4803.19944,12.639888,750,0,0,59733.20867,0.253334892,0.309139888,Single No Kids,690.86011,,
81000,2748.9,860.22,11450.832,-154,0,0,4894.69944,30.939888,750,0,0,60418.40867,0.25409372,0.3148,Single No Kids,685.2,,
82000,2748.9,860.22,11655.832,-154,0,0,4986.19944,49.239888,750,0,0,61103.60867,0.254834041,0.3148,Single No Kids,685.2,,
83000,2748.9,860.22,11860.832,-154,0,0,5077.69944,67.539888,750,0,0,61788.80867,0.255556522,0.3148,Single No Kids,685.2,,
84000,2748.9,860.22,12065.832,-154,0,0,5169.19944,85.839888,750,0,0,62474.00867,0.256261802,0.3148,Single No Kids,685.2,,
85000,2748.9,860.22,12270.832,-154,0,0,5260.69944,104.139888,750,0,0,63159.20867,0.256950486,0.3148,Single No Kids,685.2,,
86000,2748.9,860.22,12475.832,-154,0,0,5352.19944,122.439888,750,0,0,63844.40867,0.257623155,0.3148,Single No Kids,685.2,,
87000,2748.9,860.22,12680.832,-154,0,0,5443.69944,140.739888,750,0,0,64529.60867,0.25828036,0.3148,Single No Kids,685.2,,
88000,2748.9,860.22,12885.832,-154,0,0,5538.95764,159.791528,750,0,0,65210.29883,0.258973877,0.31930984,Single No Kids,680.69016,,
89000,2748.9,860.22,13090.832,-154,0,0,5650.55764,182.111528,750,0,0,65871.37883,0.259872148,0.33892,Single No Kids,661.08,,
90000,2748.9,860.22,13295.832,-154,0,0,5762.15764,204.431528,750,0,0,66532.45883,0.260750457,0.33892,Single No Kids,661.08,,
91000,2748.9,860.22,13500.832,-154,0,0,5873.75764,226.751528,750,0,0,67193.53883,0.261609463,0.33892,Single No Kids,661.08,,
92000,2748.9,860.22,13705.832,-154,0,0,5985.35764,249.071528,750,0,0,67854.61883,0.262449795,0.33892,Single No Kids,661.08,,
93000,2748.9,860.22,13910.832,-154,0,0,6096.95764,282.1762784,750,0,0,68504.91408,0.263388021,0.34970475,Single No Kids,650.29525,,
94000,2748.9,860.22,14115.832,-154,0,0,6208.55764,344.6722784,750,0,0,69125.81808,0.264618957,0.379096,Single No Kids,620.904,,
95000,2748.9,860.22,14320.832,-154,0,0,6320.15764,407.1682784,750,0,0,69746.72208,0.265823978,0.379096,Single No Kids,620.904,,
96000,2748.9,860.22,14565.642,-154,0,0,6431.75764,469.6642784,750,0,0,70327.81608,0.267418582,0.418906,Single No Kids,581.094,,
97000,2748.9,860.22,14825.642,-154,0,0,6543.35764,532.1602784,750,0,0,70893.72008,0.269136906,0.434096,Single No Kids,565.904,,
98000,2748.9,860.22,15085.642,-154,0,0,6654.95764,594.6562784,750,0,0,71459.62408,0.270820162,0.434096,Single No Kids,565.904,,
99000,2748.9,860.22,15345.642,-154,0,0,6766.55764,657.1522784,750,0,0,72025.52808,0.272469413,0.434096,Single No Kids,565.904,,
100000,2748.9,860.22,15605.642,-154,0,0,6878.15764,719.6482784,750,0,0,72591.43208,0.274085679,0.434096,Single No Kids,565.904,,
110000,2748.9,860.22,18205.642,-154,0,0,7994.15764,1344.608278,750,0,0,78250.47208,0.288632072,0.434096,Single No Kids,565.904,,
120000,2748.9,860.22,20805.642,-154,0,0,9110.15764,1969.568278,750,0,0,83909.51208,0.300754066,0.434096,Single No Kids,565.904,,
130000,2748.9,860.22,23405.642,-154,0,0,10226.15764,2594.528278,750,0,0,89568.55208,0.311011138,0.434096,Single No Kids,565.904,,
140000,2748.9,860.22,26005.642,-154,0,0,11342.15764,3219.488278,750,0,0,95227.59208,0.319802914,0.434096,Single No Kids,565.904,,
150000,2748.9,860.22,28676.552,-154,0,0,12458.15764,3844.448278,750,0,0,100815.7221,0.327895186,0.441187,Single No Kids,558.813002,,
160000,2748.9,860.22,31576.552,-154,0,0,13674.15844,4525.408726,750,0,0,106018.7608,0.337382745,0.479696125,Single No Kids,520.30387,,
170000,2748.9,860.22,34476.552,-154,0,0,14890.15844,5206.368726,750,0,0,111221.8008,0.345754113,0.479696,Single No Kids,520.304,,
180000,2748.9,860.22,37376.552,-154,0,0,16106.15844,5887.328726,750,0,0,116424.8408,0.353195329,0.479696,Single No Kids,520.304,,
190000,2748.9,860.22,40276.552,-154,0,0,17322.15844,6568.288726,750,0,0,121627.8808,0.359853259,0.479696,Single No Kids,520.304,,
200000,2748.9,860.22,43176.552,-154,0,0,18538.15844,7249.248726,750,0,0,126830.9208,0.365845396,0.479696,Single No Kids,520.304,,
210000,2748.9,860.22,46076.552,-154,0,0,19754.15844,7930.208726,900,0,0,131883.9608,0.371981139,0.494696,Single No Kids,505.304,,
220000,2748.9,860.22,49361.552,-154,0,0,20970.15844,8611.168726,900,0,0,136702.0008,0.378627269,0.518196,Single No Kids,481.804,,
230000,2748.9,860.22,52661.552,-154,0,0,22286.15844,9348.128726,900,0,0,141349.0408,0.385438953,0.535296,Single No Kids,464.704,,
240000,2748.9,860.22,55961.552,-154,0,0,23602.15844,10085.08873,900,0,0,145996.0808,0.391682997,0.535296,Single No Kids,464.704,,
250000,2748.9,860.22,59261.552,-154,0,0,24918.15844,10822.04873,900,0,0,150643.1208,0.397427517,0.535296,Single No Kids,464.704,,
260000,2748.9,860.22,62561.552,-154,0,0,26234.15844,11559.00873,900,0,0,155290.1608,0.402730151,0.535296,Single No Kids,464.704,,
270000,2748.9,860.22,65861.552,-154,0,0,27550.15844,12295.96873,900,0,0,159937.2008,0.407639997,0.535296,Single No Kids,464.704,,
280000,2748.9,860.22,69161.552,-154,0,0,28866.15844,13032.92873,900,0,0,164584.2408,0.41219914,0.535296,Single No Kids,464.704,,
290000,2748.9,860.22,72461.552,-154,0,0,30182.15844,13769.88873,900,0,0,169231.2808,0.416443859,0.535296,Single No Kids,464.704,,
300000,2748.9,860.22,75761.552,-154,0,0,31498.15844,14506.84873,900,0,0,173878.3208,0.420405597,0.535296,Single No Kids,464.704,,
310000,2748.9,860.22,79061.552,-154,0,0,32814.15844,15243.80873,900,0,0,178525.3608,0.424111739,0.535296,Single No Kids,464.704,,
320000,2748.9,860.22,82361.552,-154,0,0,34130.15844,15980.76873,900,0,0,183172.4008,0.427586247,0.535296,Single No Kids,464.704,,
330000,2748.9,860.22,85661.552,-154,0,0,35446.15844,16717.72873,900,0,0,187819.4408,0.430850179,0.535296,Single No Kids,464.704,,
340000,2748.9,860.22,88961.552,-154,0,0,36762.15844,17454.68873,900,0,0,192466.4808,0.433922115,0.535296,Single No Kids,464.704,,
350000,2748.9,860.22,92261.552,-154,0,0,38078.15844,18191.64873,900,0,0,197113.5208,0.436818512,0.535296,Single No Kids,464.704,,
360000,2748.9,860.22,95561.552,-154,0,0,39394.15844,18928.60873,900,0,0,201760.5608,0.439553998,0.535296,Single No Kids,464.704,,
370000,2748.9,860.22,98861.552,-154,0,0,40710.15844,19665.56873,900,0,0,206407.6008,0.442141619,0.535296,Single No Kids,464.704,,
380000,2748.9,860.22,102161.552,-154,0,0,42026.15844,20402.52873,900,0,0,211054.6408,0.44459305,0.535296,Single No Kids,464.704,,
390000,2748.9,860.22,105461.552,-154,0,0,43342.15844,21139.48873,900,0,0,215701.6808,0.446918767,0.535296,Single No Kids,464.704,,
400000,2748.9,860.22,108761.552,-154,0,0,44658.15844,21876.44873,900,0,0,220348.7208,0.449128198,0.535296,Single No Kids,464.704,,
1000,0,0,0,-231,0,-568,0,0,0,-616,-13632,16047,-15.047,0,"Married No Kids, One Earner",,,
2000,0,0,0,-231,0,-568,0,0,0,-616,-13632,17047,-7.5235,0,"Married No Kids, One Earner",1000,,
3000,0,48.6,0,-231,0,-568,0,0,0,-616,-13332,17698.4,-4.899466667,0.3486,"Married No Kids, One Earner",651.4,,
4000,25.5,64.8,0,-231,-260,-568,0,0,0,-616,-12832,18416.7,-3.604175,0.2817,"Married No Kids, One Earner",718.3,,
5000,76.5,81,0,-231,-520,-568,0,0,0,-616,-12332,19109.5,-2.8219,0.3072,"Married No Kids, One Earner",692.8,,
6000,127.5,97.2,0,-231,-780,-568,0,0,0,-616,-11832,19802.3,-2.300383333,0.3072,"Married No Kids, One Earner",692.8,,
7000,178.5,113.4,0,-231,-1040,-568,0,0,0,-616,-11332,20495.1,-1.927871429,0.3072,"Married No Kids, One Earner",692.8,,
8000,229.5,129.6,0,-231,-1300,-568,0,0,0,-616,-10832,21187.9,-1.6484875,0.3072,"Married No Kids, One Earner",692.8,,
9000,280.5,145.8,0,-231,-1560,-568,0,0,0,-616,-10332,21880.7,-1.431188889,0.3072,"Married No Kids, One Earner",692.8,,
10000,331.5,162,0,-231,-1820,-568,0,0,0,-616,-9832,22573.5,-1.25735,0.3072,"Married No Kids, One Earner",692.8,,
11000,382.5,178.2,0,-231,-2080,-568,0,0,0,-616,-9332,23266.3,-1.115118182,0.3072,"Married No Kids, One Earner",692.8,,
12000,433.5,194.4,0,-231,-2335,-568,0,0,0,-616,-8832,23954.1,-0.996175,0.3122,"Married No Kids, One Earner",687.8,,
13000,484.5,210.6,0,-231,-2335,-568,0,0,0,-616,-8332,24386.9,-0.875915385,0.5672,"Married No Kids, One Earner",432.8,,
14000,535.5,226.8,0,-231,-2335,-568,0,0,0,-616,-7832,24819.7,-0.772835714,0.5672,"Married No Kids, One Earner",432.8,,
15000,586.5,243,0,-231,-2335,-568,0,0,0,-616,-7332,25252.5,-0.6835,0.5672,"Married No Kids, One Earner",432.8,,
16000,637.5,259.2,0,-231,-2335,-568,0,0,0,-616,-6832,25685.3,-0.60533125,0.5672,"Married No Kids, One Earner",432.8,,
17000,688.5,275.4,0,-231,-2335,-568,0,0,0,-616,-6332,26118.1,-0.536358824,0.5672,"Married No Kids, One Earner",432.8,,
18000,739.5,291.6,0,-231,-2218,-568,0,0,0,-616,-5832,26433.9,-0.46855,0.6842,"Married No Kids, One Earner",315.8,,
19000,790.5,307.8,0,-231,-2098,-568,0,0,0,-616,-5332,26746.7,-0.407721053,0.6872,"Married No Kids, One Earner",312.8,,
20000,841.5,324,0,-231,-1978,-568,0,0,0,-616,-4832,27059.5,-0.352975,0.6872,"Married No Kids, One Earner",312.8,,
21000,892.5,340.2,0,-231,-1858,-568,0,0,60,-616,-4332,27312.3,-0.300585714,0.7472,"Married No Kids, One Earner",252.8,,
22000,943.5,356.4,0,-231,-1738,-568,0,0,120,-616,-3832,27565.1,-0.252959091,0.7472,"Married No Kids, One Earner",252.8,,
23000,994.5,372.6,0,-231,-1618,-568,0,0,180,-616,-3332,27817.9,-0.209473913,0.7472,"Married No Kids, One Earner",252.8,,
24000,1045.5,388.8,0,-231,-1498,-568,0,0,240,-616,-2832,28070.7,-0.1696125,0.7472,"Married No Kids, One Earner",252.8,,
25000,1096.5,405,0,-231,-1378,-568,0,0,300,-616,-2332,28323.5,-0.13294,0.7472,"Married No Kids, One Earner",252.8,,
26000,1147.5,421.2,0,-231,-1258,-568,0,0,300,-616,-1832,28636.3,-0.101396154,0.6872,"Married No Kids, One Earner",312.8,,
27000,1198.5,437.4,0.615,-231,-1138,-568,0,0,300,-616,-1332,28948.485,-0.072166111,0.687815,"Married No Kids, One Earner",312.185,,
28000,1249.5,453.6,140.535,-231,-1018,-568,0,0,300,-616,-832,29121.365,-0.04004875,0.82712,"Married No Kids, One Earner",172.88,,
29000,1300.5,469.8,280.455,-231,-898,-568,0,0,300,-616,-332,29294.245,-0.010146379,0.82712,"Married No Kids, One Earner",172.88,,
30000,1351.5,486,420.375,-231,-778,-568,0,0,300,-599.24,0,29618.365,0.012721167,0.67588,"Married No Kids, One Earner",324.12,,
31000,1402.5,502.2,560.295,-231,-658,-568,0,0,300,-559.24,0,30251.245,0.024153387,0.36712,"Married No Kids, One Earner",632.88,,
32000,1453.5,518.4,700.215,-231,-538,-568,0,0,300,-519.24,0,30884.125,0.034871094,0.36712,"Married No Kids, One Earner",632.88,,
33000,1504.5,534.6,840.135,-231,-418,-568,0,0,300,-479.24,0,31517.005,0.044939242,0.36712,"Married No Kids, One Earner",632.88,,
34000,1555.5,550.8,980.055,-231,-298,-568,0,0,300,-439.24,0,32149.885,0.054415147,0.36712,"Married No Kids, One Earner",632.88,,
35000,1606.5,567,1119.975,-231,-178,-568,0,0,300,-399.24,0,32782.765,0.063349571,0.36712,"Married No Kids, One Earner",632.88,,
36000,1657.5,583.2,1259.895,-231,-58,-568,0,0,300,-359.24,0,33415.645,0.071787639,0.36712,"Married No Kids, One Earner",632.88,,
37000,1708.5,599.4,1399.815,-231,62,-566.8,0,0,360,-319.24,0,33987.325,0.081423649,0.42832,"Married No Kids, One Earner",571.68,,
38000,1759.5,615.6,1539.735,-231,0,-516.8,0,0,420,-279.24,0,34692.205,0.087047237,0.29512,"Married No Kids, One Earner",704.88,,
39000,1810.5,631.8,1679.655,-231,0,-466.8,8.03035,0,450,-239.24,0,35357.05465,0.093408855,0.33515035,"Married No Kids, One Earner",664.84965,,
40000,1861.5,648,1819.575,-231,0,-416.8,55.13675,0,450,-199.24,0,36012.82825,0.099679294,0.3442264,"Married No Kids, One Earner",655.7736,,
41000,1912.5,664.2,1959.495,-231,0,-366.8,102.24315,0,450,-159.24,0,36668.60185,0.105643857,0.3442264,"Married No Kids, One Earner",655.7736,,
42000,1963.5,680.4,2099.415,-231,0,-316.8,149.34955,0,450,-119.24,0,37324.37545,0.111324394,0.3442264,"Married No Kids, One Earner",655.7736,,
43000,2014.5,696.6,2239.335,-231,0,-266.8,196.45595,0,450,-79.24,0,37980.14905,0.11674072,0.3442264,"Married No Kids, One Earner",655.7736,,
44000,2065.5,712.8,2379.255,-231,0,-216.8,247.41335,0,450,-39.24,0,38632.07165,0.121998372,0.3480774,"Married No Kids, One Earner",651.9226,,
45000,2116.5,729,2519.175,-231,0,-166.8,335.51975,0,450,0,0,39247.60525,0.127830994,0.3844664,"Married No Kids, One Earner",615.5336,,
46000,2167.5,745.2,2659.095,-231,0,-116.8,423.62615,0,450,0,0,39902.37885,0.132556982,0.3452264,"Married No Kids, One Earner",654.7736,,
47000,2218.5,761.4,2799.015,-231,0,-66.8,511.73255,0,450,0,0,40557.15245,0.137081863,0.3452264,"Married No Kids, One Earner",654.7736,,
48000,2269.5,777.6,2959.785,-231,0,-16.8,599.83895,0,450,0,0,41191.07605,0.141852582,0.3660764,"Married No Kids, One Earner",633.9236,,
49000,2320.5,793.8,3154.705,-231,0,0,687.94535,0,600,0,0,41674.04965,0.149509191,0.5170264,"Married No Kids, One Earner",482.9736,,
50000,2371.5,810,3349.625,-231,0,0,776.05175,0,600,0,0,42323.82325,0.153523535,0.3502264,"Married No Kids, One Earner",649.7736,,
51000,2422.5,826.2,3544.545,-231,0,0,864.15815,0,600,0,0,42973.59685,0.157380454,0.3502264,"Married No Kids, One Earner",649.7736,,
52000,2473.5,842.4,3739.465,-231,0,0,952.26455,0,600,0,0,43623.37045,0.16108903,0.3502264,"Married No Kids, One Earner",649.7736,,
53000,2524.5,858.6,3934.385,-231,0,0,1040.37095,0,600,0,0,44273.14405,0.164657659,0.3502264,"Married No Kids, One Earner",649.7736,,
54000,2575.5,860.22,4131.492,-231,0,0,1129.21364,0,600,0,0,44934.57436,0.167878253,0.33856969,"Married No Kids, One Earner",661.43031,,
55000,2626.5,860.22,4328.842,-231,0,0,1218.13814,0,600,0,0,45597.29986,0.170958184,0.3372745,"Married No Kids, One Earner",662.7255,,
56000,2677.5,860.22,4526.192,-231,0,0,1307.06264,0,600,0,0,46260.02536,0.173928119,0.3372745,"Married No Kids, One Earner",662.7255,,
57000,2728.5,860.22,4723.542,-231,0,0,1395.98714,0,600,0,0,46922.75086,0.176793845,0.3372745,"Married No Kids, One Earner",662.7255,,
58000,2748.9,860.22,4925.482,-231,0,0,1486.45694,0,600,0,0,47609.94106,0.179138947,0.3128098,"Married No Kids, One Earner",687.1902,,
59000,2748.9,860.22,5130.482,-231,0,0,1577.95694,0,600,0,0,48313.44106,0.181128118,0.2965,"Married No Kids, One Earner",703.5,,
60000,2748.9,860.22,5335.482,-231,0,0,1669.45694,0,600,0,0,49016.94106,0.183050982,0.2965,"Married No Kids, One Earner",703.5,,
61000,2748.9,860.22,5540.482,-231,0,0,1860.95694,0,600,0,0,49620.44106,0.186550147,0.3965,"Married No Kids, One Earner",603.5,,
62000,2748.9,860.22,5745.482,-231,0,0,2052.45694,0,600,0,0,50223.94106,0.189936435,0.3965,"Married No Kids, One Earner",603.5,,
63000,2748.9,860.22,5950.482,-231,0,0,2243.95694,0,600,0,0,50827.44106,0.193215221,0.3965,"Married No Kids, One Earner",603.5,,
64000,2748.9,860.22,6155.482,-231,0,0,2435.45694,0,600,0,0,51430.94106,0.196391546,0.3965,"Married No Kids, One Earner",603.5,,
65000,2748.9,860.22,6360.482,-231,0,0,2626.95694,0,600,0,0,52034.44106,0.199470138,0.3965,"Married No Kids, One Earner",603.5,,
66000,2748.9,860.22,6565.482,-231,0,0,2818.45694,0,600,0,0,52637.94106,0.202455438,0.3965,"Married No Kids, One Earner",603.5,,
67000,2748.9,860.22,6770.482,-231,0,0,3009.95694,0,600,0,0,53241.44106,0.205351626,0.3965,"Married No Kids, One Earner",603.5,,
68000,2748.9,860.22,6975.482,-231,0,0,3201.45694,0,600,0,0,53844.94106,0.208162631,0.3965,"Married No Kids, One Earner",603.5,,
69000,2748.9,860.22,7180.482,-231,0,0,3342.95694,0,600,0,0,54498.44106,0.210167521,0.3465,"Married No Kids, One Earner",653.5,,
70000,2748.9,860.22,7385.482,-231,0,0,3434.45694,0,600,0,0,55201.94106,0.211400842,0.2965,"Married No Kids, One Earner",703.5,,
71000,2748.9,860.22,7590.482,-231,0,0,3525.95694,0,600,0,0,55905.44106,0.212599422,0.2965,"Married No Kids, One Earner",703.5,,
72000,2748.9,860.22,7795.482,-231,0,0,3617.45694,0,600,0,0,56608.94106,0.213764708,0.2965,"Married No Kids, One Earner",703.5,,
73000,2748.9,860.22,8000.482,-231,0,0,3708.95694,0,700,0,0,57212.44106,0.216267931,0.3965,"Married No Kids, One Earner",603.5,,
74000,2748.9,860.22,8205.482,-231,0,0,3800.45694,0,750,0,0,57865.94106,0.218027824,0.3465,"Married No Kids, One Earner",653.5,,
75000,2748.9,860.22,8410.482,-231,0,0,3891.95694,0,750,0,0,58569.44106,0.219074119,0.2965,"Married No Kids, One Earner",703.5,,
76000,2748.9,860.22,8615.482,-231,0,0,3983.45694,0,750,0,0,59272.94106,0.220092881,0.2965,"Married No Kids, One Earner",703.5,,
77000,2748.9,860.22,8820.482,-231,0,0,4074.95694,0,750,0,0,59976.44106,0.221085181,0.2965,"Married No Kids, One Earner",703.5,,
78000,2748.9,860.22,9025.482,-231,0,0,4166.45694,0,750,0,0,60679.94106,0.222052038,0.2965,"Married No Kids, One Earner",703.5,,
79000,2748.9,860.22,9230.482,-231,0,0,4257.95694,0,750,0,0,61383.44106,0.222994417,0.2965,"Married No Kids, One Earner",703.5,,
80000,2748.9,860.22,9435.482,-231,0,0,4349.45694,0,750,0,0,62086.94106,0.223913237,0.2965,"Married No Kids, One Earner",703.5,,
81000,2748.9,860.22,9640.482,-231,0,0,4440.95694,0,750,0,0,62790.44106,0.22480937,0.2965,"Married No Kids, One Earner",703.5,,
82000,2748.9,860.22,9845.482,-231,0,0,4532.45694,0,750,0,0,63493.94106,0.225683646,0.2965,"Married No Kids, One Earner",703.5,,
83000,2748.9,860.22,10050.482,-231,0,0,4623.95694,0,750,0,0,64197.44106,0.226536855,0.2965,"Married No Kids, One Earner",703.5,,
84000,2748.9,860.22,10255.482,-231,0,0,4715.45694,0,750,0,0,64900.94106,0.227369749,0.2965,"Married No Kids, One Earner",703.5,,
85000,2748.9,860.22,10460.482,-231,0,0,4806.95694,13.391388,750,0,0,65591.04967,0.228340592,0.309891388,"Married No Kids, One Earner",690.10861,,
86000,2748.9,860.22,10665.482,-231,0,0,4898.45694,31.691388,750,0,0,66276.24967,0.229345934,0.3148,"Married No Kids, One Earner",685.2,,
87000,2748.9,860.22,10870.482,-231,0,0,4989.95694,49.991388,750,0,0,66961.44967,0.230328165,0.3148,"Married No Kids, One Earner",685.2,,
88000,2748.9,860.22,11075.482,-231,0,0,5085.21514,69.043028,750,0,0,67642.13983,0.23133932,0.31930984,"Married No Kids, One Earner",680.69016,,
89000,2748.9,860.22,11280.482,-231,0,0,5196.81514,91.363028,750,0,0,68303.21983,0.232548092,0.33892,"Married No Kids, One Earner",661.08,,
90000,2748.9,860.22,11485.482,-231,0,0,5308.41514,113.683028,750,0,0,68964.29983,0.233730002,0.33892,"Married No Kids, One Earner",661.08,,
91000,2748.9,860.22,11690.482,-231,0,0,5420.01514,136.003028,750,0,0,69625.37983,0.234885936,0.33892,"Married No Kids, One Earner",661.08,,
92000,2748.9,860.22,11895.482,-231,0,0,5531.61514,158.323028,750,0,0,70286.45983,0.236016741,0.33892,"Married No Kids, One Earner",661.08,,
93000,2748.9,860.22,12100.482,-231,0,0,5643.21514,180.643028,750,0,0,70947.53983,0.237123228,0.33892,"Married No Kids, One Earner",661.08,,
94000,2748.9,860.22,12305.482,-231,0,0,5754.81514,202.963028,750,0,0,71608.61983,0.238206172,0.33892,"Married No Kids, One Earner",661.08,,
95000,2748.9,860.22,12510.482,-231,0,0,5866.41514,225.283028,750,0,0,72269.69983,0.239266318,0.33892,"Married No Kids, One Earner",661.08,,
96000,2748.9,860.22,12755.292,-231,0,0,5978.01514,247.603028,750,0,0,72890.96983,0.240719064,0.37873,"Married No Kids, One Earner",621.27,,
97000,2748.9,860.22,13015.292,-231,0,0,6089.61514,278.0644784,750,0,0,73488.90838,0.242382388,0.40206145,"Married No Kids, One Earner",597.93855,,
98000,2748.9,860.22,13275.292,-231,0,0,6201.21514,340.5604784,750,0,0,74054.81238,0.244338649,0.434096,"Married No Kids, One Earner",565.904,,
99000,2748.9,860.22,13535.292,-231,0,0,6312.81514,403.0564784,750,0,0,74620.71638,0.24625539,0.434096,"Married No Kids, One Earner",565.904,,
100000,2748.9,860.22,13795.292,-231,0,0,6424.41514,465.5524784,750,0,0,75186.62038,0.248133796,0.434096,"Married No Kids, One Earner",565.904,,
110000,2748.9,860.22,16395.292,-231,0,0,7540.41514,1090.512478,750,0,0,80845.66038,0.265039451,0.434096,"Married No Kids, One Earner",565.904,,
120000,2748.9,860.22,18995.292,-231,0,0,8656.41514,1715.472478,750,0,0,86504.70038,0.279127497,0.434096,"Married No Kids, One Earner",565.904,,
130000,2748.9,860.22,21595.292,-231,0,0,9772.41514,2340.432478,750,0,0,92163.74038,0.291048151,0.434096,"Married No Kids, One Earner",565.904,,
140000,2748.9,860.22,24195.292,-231,0,0,10888.41514,2965.392478,750,0,0,97822.78038,0.301265854,0.434096,"Married No Kids, One Earner",565.904,,
150000,2748.9,860.22,26866.202,-231,0,0,12004.41514,3590.352478,750,0,0,103410.9104,0.310593931,0.441187,"Married No Kids, One Earner",558.813002,,
160000,2748.9,860.22,29766.202,-231,0,0,13220.41594,4271.312926,750,0,0,108613.9491,0.321162818,0.479696125,"Married No Kids, One Earner",520.30387,,
170000,2748.9,860.22,32666.202,-231,0,0,14436.41594,4952.272926,750,0,0,113816.9891,0.330488299,0.479696,"Married No Kids, One Earner",520.304,,
180000,2748.9,860.22,35566.202,-231,0,0,15652.41594,5633.232926,750,0,0,119020.0291,0.338777616,0.479696,"Married No Kids, One Earner",520.304,,
190000,2748.9,860.22,38466.202,-231,0,0,16868.41594,6314.192926,750,0,0,124223.0691,0.346194373,0.479696,"Married No Kids, One Earner",520.304,,
200000,2748.9,860.22,41366.202,-231,0,0,18084.41594,6995.152926,750,0,0,129426.1091,0.352869454,0.479696,"Married No Kids, One Earner",520.304,,
210000,2748.9,860.22,44266.202,-231,0,0,19300.41594,7676.112926,900,0,0,134479.1491,0.359623099,0.494696,"Married No Kids, One Earner",505.304,,
220000,2748.9,860.22,47551.202,-231,0,0,20516.41594,8357.072926,900,0,0,139297.1891,0.366830958,0.518196,"Married No Kids, One Earner",481.804,,
230000,2748.9,860.22,50851.202,-231,0,0,21832.41594,9094.032926,900,0,0,143944.2291,0.374155526,0.535296,"Married No Kids, One Earner",464.704,,
240000,2748.9,860.22,54151.202,-231,0,0,23148.41594,9830.992926,900,0,0,148591.2691,0.380869712,0.535296,"Married No Kids, One Earner",464.704,,
250000,2748.9,860.22,57451.202,-231,0,0,24464.41594,10567.95293,900,0,0,153238.3091,0.387046763,0.535296,"Married No Kids, One Earner",464.704,,
260000,2748.9,860.22,60751.202,-231,0,0,25780.41594,11304.91293,900,0,0,157885.3491,0.392748657,0.535296,"Married No Kids, One Earner",464.704,,
270000,2748.9,860.22,64051.202,-231,0,0,27096.41594,12041.87293,900,0,0,162532.3891,0.398028188,0.535296,"Married No Kids, One Earner",464.704,,
280000,2748.9,860.22,67351.202,-231,0,0,28412.41594,12778.83293,900,0,0,167179.4291,0.40293061,0.535296,"Married No Kids, One Earner",464.704,,
290000,2748.9,860.22,70651.202,-231,0,0,29728.41594,13515.79293,900,0,0,171826.4691,0.407494934,0.535296,"Married No Kids, One Earner",464.704,,
300000,2748.9,860.22,73951.202,-231,0,0,31044.41594,14252.75293,900,0,0,176473.5091,0.41175497,0.535296,"Married No Kids, One Earner",464.704,,
310000,2748.9,860.22,77251.202,-231,0,0,32360.41594,14989.71293,900,0,0,181120.5491,0.415740164,0.535296,"Married No Kids, One Earner",464.704,,
320000,2748.9,860.22,80551.202,-231,0,0,33676.41594,15726.67293,900,0,0,185767.5891,0.419476284,0.535296,"Married No Kids, One Earner",464.704,,
330000,2748.9,860.22,83851.202,-231,0,0,34992.41594,16463.63293,900,0,0,190414.6291,0.422985972,0.535296,"Married No Kids, One Earner",464.704,,
340000,2748.9,860.22,87151.202,-231,0,0,36308.41594,17200.59293,900,0,0,195061.6691,0.426289208,0.535296,"Married No Kids, One Earner",464.704,,
350000,2748.9,860.22,90451.202,-231,0,0,37624.41594,17937.55293,900,0,0,199708.7091,0.429403688,0.535296,"Married No Kids, One Earner",464.704,,
360000,2748.9,860.22,93751.202,-231,0,0,38940.41594,18674.51293,900,0,0,204355.7491,0.432345141,0.535296,"Married No Kids, One Earner",464.704,,
370000,2748.9,860.22,97051.202,-231,0,0,40256.41594,19411.47293,900,0,0,209002.7891,0.435127597,0.535296,"Married No Kids, One Earner",464.704,,
380000,2748.9,860.22,100351.202,-231,0,0,41572.41594,20148.43293,900,0,0,213649.8291,0.437763608,0.535296,"Married No Kids, One Earner",464.704,,
390000,2748.9,860.22,103651.202,-231,0,0,42888.41594,20885.39293,900,0,0,218296.8691,0.440264438,0.535296,"Married No Kids, One Earner",464.704,,
400000,2748.9,860.22,106951.202,-231,0,0,44204.41594,21622.35293,900,0,0,222943.9091,0.442640227,0.535296,"Married No Kids, One Earner",464.704,,
1000,0,0,0,-269,0,-717,0,0,0,-924,-14292,25100.92,-24.10092,0,"Married One Kid, One Earner",,-1402.92,-6496
2000,0,0,0,-269,0,-717,0,0,0,-924,-14292,26100.92,-12.05046,0,"Married One Kid, One Earner",1000,-1402.92,-6496
3000,0,48.6,0,-269,0,-717,0,0,0,-924,-13992,26752.32,-7.91744,0.3486,"Married One Kid, One Earner",651.4,-1402.92,-6496
4000,25.5,64.8,0,-269,-260,-717,0,0,0,-924,-13492,27470.62,-5.867655,0.2817,"Married One Kid, One Earner",718.3,-1402.92,-6496
5000,76.5,81,0,-269,-520,-717,0,0,0,-924,-12992,28163.42,-4.632684,0.3072,"Married One Kid, One Earner",692.8,-1402.92,-6496
6000,127.5,97.2,0,-269,-780,-717,0,0,0,-924,-12492,28856.22,-3.80937,0.3072,"Married One Kid, One Earner",692.8,-1402.92,-6496
7000,178.5,113.4,0,-269,-1040,-717,0,0,0,-924,-11992,29549.02,-3.221288571,0.3072,"Married One Kid, One Earner",692.8,-1402.92,-6496
8000,229.5,129.6,0,-269,-1300,-717,0,0,0,-924,-11492,30241.82,-2.7802275,0.3072,"Married One Kid, One Earner",692.8,-1402.92,-6496
9000,280.5,145.8,0,-269,-1560,-717,0,0,0,-924,-10992,30934.62,-2.43718,0.3072,"Married One Kid, One Earner",692.8,-1402.92,-6496
10000,331.5,162,0,-269,-1820,-717,0,0,0,-924,-10492,31627.42,-2.162742,0.3072,"Married One Kid, One Earner",692.8,-1402.92,-6496
11000,382.5,178.2,0,-269,-2080,-717,0,0,0,-924,-9992,32320.22,-1.938201818,0.3072,"Married One Kid, One Earner",692.8,-1402.92,-6496
12000,433.5,194.4,0,-269,-2335,-717,0,0,0,-924,-9492,33008.02,-1.750668333,0.3122,"Married One Kid, One Earner",687.8,-1402.92,-6496
13000,484.5,210.6,0,-269,-2335,-717,0,0,0,-924,-8992,33440.82,-1.572370769,0.5672,"Married One Kid, One Earner",432.8,-1402.92,-6496
14000,535.5,226.8,0,-269,-2335,-717,0,0,0,-924,-8492,33873.62,-1.419544286,0.5672,"Married One Kid, One Earner",432.8,-1402.92,-6496
15000,586.5,243,0,-269,-2335,-717,0,0,0,-924,-7992,34306.42,-1.287094667,0.5672,"Married One Kid, One Earner",432.8,-1402.92,-6496
16000,637.5,259.2,0,-269,-2335,-717,0,0,0,-924,-7492,34739.22,-1.17120125,0.5672,"Married One Kid, One Earner",432.8,-1402.92,-6496
17000,688.5,275.4,0,-269,-2335,-717,0,0,0,-924,-6992,35172.02,-1.068942353,0.5672,"Married One Kid, One Earner",432.8,-1402.92,-6496
18000,739.5,291.6,0,-269,-2218,-717,0,0,0,-924,-6492,35487.82,-0.971545556,0.6842,"Married One Kid, One Earner",315.8,-1402.92,-6496
19000,790.5,307.8,0,-269,-2098,-717,0,0,0,-924,-5992,35800.62,-0.884243158,0.6872,"Married One Kid, One Earner",312.8,-1402.92,-6496
20000,841.5,324,0,-269,-1978,-717,0,0,0,-924,-5492,36113.42,-0.805671,0.6872,"Married One Kid, One Earner",312.8,-1402.92,-6496
21000,892.5,340.2,0,-269,-1858,-717,0,0,60,-924,-4992,36366.22,-0.731724762,0.7472,"Married One Kid, One Earner",252.8,-1402.92,-6496
22000,943.5,356.4,0,-269,-1738,-717,0,0,120,-924,-4492,36572.3,-0.662377273,0.79392,"Married One Kid, One Earner",206.08,-1356.2,-6496
23000,994.5,372.6,0,-269,-1618,-717,0,0,180,-924,-3992,36745.1,-0.597613043,0.8272,"Married One Kid, One Earner",172.8,-1276.2,-6496
24000,1045.5,388.8,0,-269,-1498,-717,0,0,240,-924,-3492,36917.9,-0.538245833,0.8272,"Married One Kid, One Earner",172.8,-1196.2,-6496
25000,1096.5,405,0,-269,-1378,-717,0,0,300,-924,-2992,37090.7,-0.483628,0.8272,"Married One Kid, One Earner",172.8,-1116.2,-6496
26000,1147.5,421.2,0,-269,-1258,-717,0,0,300,-924,-2492,37323.5,-0.435519231,0.7672,"Married One Kid, One Earner",232.8,-1036.2,-6496
27000,1198.5,437.4,0.615,-269,-1138,-717,0,0,300,-924,-1992,37555.685,-0.390951296,0.767815,"Married One Kid, One Earner",232.185,-956.2,-6496
28000,1249.5,453.6,140.535,-269,-1018,-717,0,0,300,-924,-1492,37648.565,-0.344591607,0.90712,"Married One Kid, One Earner",92.88,-876.2,-6496
29000,1300.5,469.8,280.455,-269,-898,-717,0,0,300,-924,-992,37741.445,-0.301429138,0.90712,"Married One Kid, One Earner",92.88,-796.2,-6496
30000,1351.5,486,420.375,-269,-778,-717,0,0,300,-907.24,-492,37817.565,-0.2605855,0.92388,"Married One Kid, One Earner",76.12,-716.2,-6496
31000,1402.5,502.2,560.295,-269,-658,-717,0,0,300,-867.24,0,37839.945,-0.220643387,0.97762,"Married One Kid, One Earner",22.38,-636.2,-6457.5
32000,1453.5,518.4,700.215,-269,-538,-717,0,0,300,-827.24,0,38322.825,-0.197588281,0.51712,"Married One Kid, One Earner",482.88,-556.2,-6387.5
33000,1504.5,534.6,840.135,-269,-418,-717,0,0,300,-787.24,0,38805.705,-0.175930455,0.51712,"Married One Kid, One Earner",482.88,-476.2,-6317.5
34000,1555.5,550.8,980.055,-269,-298,-717,0,0,300,-747.24,0,39288.585,-0.155546618,0.51712,"Married One Kid, One Earner",482.88,-396.2,-6247.5
35000,1606.5,567,1119.975,-269,-178,-717,0,0,300,-707.24,0,39771.465,-0.136327571,0.51712,"Married One Kid, One Earner",482.88,-316.2,-6177.5
36000,1657.5,583.2,1259.895,-269,-58,-717,0,0,300,-667.24,0,40254.345,-0.11817625,0.51712,"Married One Kid, One Earner",482.88,-236.2,-6107.5
37000,1708.5,599.4,1399.815,-269,62,-715.8,0,0,360,-627.24,0,40676.025,-0.099352027,0.57832,"Married One Kid, One Earner",421.68,-156.2,-6037.5
38000,1759.5,615.6,1539.735,-269,0,-665.8,0,0,420,-587.24,0,41230.905,-0.085023816,0.44512,"Married One Kid, One Earner",554.88,-76.2,-5967.5
39000,1810.5,631.8,1679.655,-269,0,-615.8,8.03035,0,450,-547.24,0,41749.55465,-0.070501401,0.48135035,"Married One Kid, One Earner",518.64965,0,-5897.5
40000,1861.5,648,1819.575,-269,0,-565.8,55.13675,0,450,-507.24,0,42335.32825,-0.058383206,0.4142264,"Married One Kid, One Earner",585.7736,0,-5827.5
41000,1912.5,664.2,1959.495,-269,0,-515.8,102.24315,0,450,-467.24,0,42921.10185,-0.046856143,0.4142264,"Married One Kid, One Earner",585.7736,0,-5757.5
42000,1963.5,680.4,2099.415,-269,0,-465.8,149.34955,0,450,-427.24,0,43506.87545,-0.035877987,0.4142264,"Married One Kid, One Earner",585.7736,0,-5687.5
43000,2014.5,696.6,2239.335,-269,0,-415.8,196.45595,0,450,-387.24,0,44092.64905,-0.025410443,0.4142264,"Married One Kid, One Earner",585.7736,0,-5617.5
44000,2065.5,712.8,2379.255,-269,0,-365.8,247.41335,0,450,-347.24,0,44674.57165,-0.015331174,0.4180774,"Married One Kid, One Earner",581.9226,0,-5547.5
45000,2116.5,729,2519.175,-269,0,-315.8,335.51975,0,450,-307.24,0,45219.34525,-0.004874339,0.4552264,"Married One Kid, One Earner",544.7736,0,-5477.5
46000,2167.5,745.2,2659.095,-269,0,-265.8,423.62615,0,450,-267.24,0,45764.11885,0.005127851,0.4552264,"Married One Kid, One Earner",544.7736,0,-5407.5
47000,2218.5,761.4,2799.015,-269,0,-215.8,511.73255,0,450,-227.24,0,46308.89245,0.014704416,0.4552264,"Married One Kid, One Earner",544.7736,0,-5337.5
48000,2269.5,777.6,2959.785,-269,0,-165.8,599.83895,0,450,-187.24,0,46832.81605,0.024316332,0.4760764,"Married One Kid, One Earner",523.9236,0,-5267.5
49000,2320.5,793.8,3154.705,-269,0,-115.8,687.94535,0,600,-147.24,0,47172.58965,0.037294089,0.6602264,"Married One Kid, One Earner",339.7736,0,-5197.5
50000,2371.5,810,3349.625,-269,0,-65.8,776.05175,0,600,-107.24,0,47662.36325,0.046752735,0.5102264,"Married One Kid, One Earner",489.7736,0,-5127.5
51000,2422.5,826.2,3544.545,-269,0,-15.8,864.15815,0,600,-67.24,0,48152.13685,0.055840454,0.5102264,"Married One Kid, One Earner",489.7736,0,-5057.5
52000,2473.5,842.4,3739.465,-269,0,0,952.26455,0,600,-27.24,0,48676.11045,0.063920953,0.4760264,"Married One Kid, One Earner",523.9736,0,-4987.5
53000,2524.5,858.6,3934.385,-269,0,0,1040.37095,0,600,0,0,49228.64405,0.071157659,0.4474664,"Married One Kid, One Earner",552.5336,0,-4917.5
54000,2575.5,860.22,4131.492,-269,0,0,1129.21364,0,600,0,0,49820.07436,0.07740603,0.40856969,"Married One Kid, One Earner",591.43031,0,-4847.5
55000,2626.5,860.22,4328.842,-269,0,0,1218.13814,0,600,0,0,50412.79986,0.083403639,0.4072745,"Married One Kid, One Earner",592.7255,0,-4777.5
56000,2677.5,860.22,4526.192,-269,0,0,1307.06264,0,600,0,0,51005.52536,0.089187047,0.4072745,"Married One Kid, One Earner",592.7255,0,-4707.5
57000,2728.5,860.22,4723.542,-269,0,0,1395.98714,0,600,0,0,51598.25086,0.094767529,0.4072745,"Married One Kid, One Earner",592.7255,0,-4637.5
58000,2748.9,860.22,4925.482,-269,0,0,1486.45694,0,600,0,0,52215.44106,0.099733775,0.3828098,"Married One Kid, One Earner",617.1902,0,-4567.5
59000,2748.9,860.22,5130.482,-269,0,0,1577.95694,0,600,0,0,52848.94106,0.104255236,0.3665,"Married One Kid, One Earner",633.5,0,-4497.5
60000,2748.9,860.22,5335.482,-269,0,0,1669.45694,0,600,0,0,53482.44106,0.108625982,0.3665,"Married One Kid, One Earner",633.5,0,-4427.5
61000,2748.9,860.22,5540.482,-269,0,0,1860.95694,0,600,0,0,54015.94106,0.11449277,0.4665,"Married One Kid, One Earner",533.5,0,-4357.5
62000,2748.9,860.22,5745.482,-269,0,0,2052.45694,0,600,0,0,54549.44106,0.120170305,0.4665,"Married One Kid, One Earner",533.5,0,-4287.5
63000,2748.9,860.22,5950.482,-269,0,0,2243.95694,0,600,0,0,55082.94106,0.125667602,0.4665,"Married One Kid, One Earner",533.5,0,-4217.5
64000,2748.9,860.22,6155.482,-269,0,0,2435.45694,0,600,0,0,55616.44106,0.130993108,0.4665,"Married One Kid, One Earner",533.5,0,-4147.5
65000,2748.9,860.22,6360.482,-269,0,0,2626.95694,0,600,0,0,56149.94106,0.136154753,0.4665,"Married One Kid, One Earner",533.5,0,-4077.5
66000,2748.9,860.22,6565.482,-269,0,0,2818.45694,0,600,0,0,56684.35306,0.141146166,0.465588,"Married One Kid, One Earner",534.412,0,-4008.412
67000,2748.9,860.22,6770.482,-269,0,0,3009.95694,0,600,0,0,57255.85306,0.145435029,0.4285,"Married One Kid, One Earner",571.5,0,-3976.412
68000,2748.9,860.22,6975.482,-269,0,0,3201.45694,0,600,0,0,57827.35306,0.149597749,0.4285,"Married One Kid, One Earner",571.5,0,-3944.412
69000,2748.9,860.22,7180.482,-269,0,0,3342.95694,0,600,0,0,58448.85306,0.152915173,0.3785,"Married One Kid, One Earner",621.5,0,-3912.412
70000,2748.9,860.22,7385.482,-269,0,0,3434.45694,0,600,0,0,59120.35306,0.155423528,0.3285,"Married One Kid, One Earner",671.5,0,-3880.412
71000,2748.9,860.22,7590.482,-269,0,0,3525.95694,0,600,0,0,59791.85306,0.157861225,0.3285,"Married One Kid, One Earner",671.5,0,-3848.412
72000,2748.9,860.22,7795.482,-269,0,0,3617.45694,0,600,0,0,60463.35306,0.160231208,0.3285,"Married One Kid, One Earner",671.5,0,-3816.412
73000,2748.9,860.22,8000.482,-269,0,0,3708.95694,0,700,0,0,61034.85306,0.163906122,0.4285,"Married One Kid, One Earner",571.5,0,-3784.412
74000,2748.9,860.22,8205.482,-269,0,0,3800.45694,0,750,0,0,61656.35306,0.16680604,0.3785,"Married One Kid, One Earner",621.5,0,-3752.412
75000,2748.9,860.22,8410.482,-269,0,0,3891.95694,0,750,0,0,62327.85306,0.168961959,0.3285,"Married One Kid, One Earner",671.5,0,-3720.412
76000,2748.9,860.22,8615.482,-269,0,0,3983.45694,0,750,0,0,62999.35306,0.171061144,0.3285,"Married One Kid, One Earner",671.5,0,-3688.412
77000,2748.9,860.22,8820.482,-269,0,0,4074.95694,0,750,0,0,63670.85306,0.173105804,0.3285,"Married One Kid, One Earner",671.5,0,-3656.412
78000,2748.9,860.22,9025.482,-269,0,0,4166.45694,0,750,0,0,64342.35306,0.175098038,0.3285,"Married One Kid, One Earner",671.5,0,-3624.412
79000,2748.9,860.22,9230.482,-269,0,0,4257.95694,0,750,0,0,65013.85306,0.177039835,0.3285,"Married One Kid, One Earner",671.5,0,-3592.412
80000,2748.9,860.22,9435.482,-269,0,0,4349.45694,0,750,0,0,65685.35306,0.178933087,0.3285,"Married One Kid, One Earner",671.5,0,-3560.412
81000,2748.9,860.22,9640.482,-269,0,0,4440.95694,0,750,0,0,66356.85306,0.180779592,0.3285,"Married One Kid, One Earner",671.5,0,-3528.412
82000,2748.9,860.22,9845.482,-269,0,0,4532.45694,0,750,0,0,67028.35306,0.18258106,0.3285,"Married One Kid, One Earner",671.5,0,-3496.412
83000,2748.9,860.22,10050.482,-269,0,0,4623.95694,0,750,0,0,67699.85306,0.18433912,0.3285,"Married One Kid, One Earner",671.5,0,-3464.412
84000,2748.9,860.22,10255.482,-269,0,0,4715.45694,0,750,0,0,68371.35306,0.186055321,0.3285,"Married One Kid, One Earner",671.5,0,-3432.412
85000,2748.9,860.22,10460.482,-269,0,0,4806.95694,13.391388,750,0,0,69029.46167,0.187888686,0.341891388,"Married One Kid, One Earner",658.10861,0,-3400.412
86000,2748.9,860.22,10665.482,-269,0,0,4898.45694,31.691388,750,0,0,69682.66167,0.189736492,0.3468,"Married One Kid, One Earner",653.2,0,-3368.412
87000,2748.9,860.22,10870.482,-269,0,0,4989.95694,49.991388,750,0,0,70335.86167,0.19154182,0.3468,"Married One Kid, One Earner",653.2,0,-3336.412
88000,2748.9,860.22,11075.482,-269,0,0,5085.21514,69.043028,750,0,0,70984.55183,0.193357366,0.35130984,"Married One Kid, One Earner",648.69016,0,-3304.412
89000,2748.9,860.22,11280.482,-269,0,0,5196.81514,91.363028,750,0,0,71613.63183,0.195352451,0.37092,"Married One Kid, One Earner",629.08,0,-3272.412
90000,2748.9,860.22,11485.482,-269,0,0,5308.41514,113.683028,750,0,0,72242.71183,0.197303202,0.37092,"Married One Kid, One Earner",629.08,0,-3240.412
91000,2748.9,860.22,11690.482,-269,0,0,5420.01514,136.003028,750,0,0,72871.79183,0.199211079,0.37092,"Married One Kid, One Earner",629.08,0,-3208.412
92000,2748.9,860.22,11895.482,-269,0,0,5531.61514,158.323028,750,0,0,73500.87183,0.20107748,0.37092,"Married One Kid, One Earner",629.08,0,-3176.412
93000,2748.9,860.22,12100.482,-269,0,0,5643.21514,180.643028,750,0,0,74129.95183,0.202903744,0.37092,"Married One Kid, One Earner",629.08,0,-3144.412
94000,2748.9,860.22,12305.482,-269,0,0,5754.81514,202.963028,750,0,0,74759.03183,0.204691151,0.37092,"Married One Kid, One Earner",629.08,0,-3112.412
95000,2748.9,860.22,12510.482,-269,0,0,5866.41514,225.283028,750,0,0,75388.11183,0.206440928,0.37092,"Married One Kid, One Earner",629.08,0,-3080.412
96000,2748.9,860.22,12755.292,-269,0,0,5978.01514,247.603028,750,0,0,75977.38183,0.208568939,0.41073,"Married One Kid, One Earner",589.27,0,-3048.412
97000,2748.9,860.22,13015.292,-269,0,0,6089.61514,278.0644784,750,0,0,76543.32038,0.210893604,0.43406145,"Married One Kid, One Earner",565.93855,0,-3016.412
98000,2748.9,860.22,13275.292,-269,0,0,6201.21514,340.5604784,750,0,0,77077.22438,0.21349771,0.466096,"Married One Kid, One Earner",533.904,0,-2984.412
99000,2748.9,860.22,13535.292,-269,0,0,6312.81514,403.0564784,750,0,0,77611.12838,0.216049208,0.466096,"Married One Kid, One Earner",533.904,0,-2952.412
100000,2748.9,860.22,13795.292,-269,0,0,6424.41514,465.5524784,750,0,0,78145.03238,0.218549676,0.466096,"Married One Kid, One Earner",533.904,0,-2920.412
110000,2748.9,860.22,16395.292,-269,0,0,7540.41514,1090.512478,750,0,0,83484.07238,0.241053887,0.466096,"Married One Kid, One Earner",533.904,0,-2600.412
120000,2748.9,860.22,18995.292,-269,0,0,8656.41514,1715.472478,750,0,0,88823.11238,0.259807397,0.466096,"Married One Kid, One Earner",533.904,0,-2280.412
130000,2748.9,860.22,21595.292,-269,0,0,9772.41514,2340.432478,750,0,0,94162.15238,0.275675751,0.466096,"Married One Kid, One Earner",533.904,0,-1960.412
140000,2748.9,860.22,24195.292,-269,0,0,10888.41514,2965.392478,750,0,0,99501.19238,0.289277197,0.466096,"Married One Kid, One Earner",533.904,0,-1640.412
150000,2748.9,860.22,26866.202,-269,0,0,12004.41514,3590.352478,750,0,0,104769.3224,0.301537851,0.473187,"Married One Kid, One Earner",526.813002,0,-1320.412
160000,2748.9,860.22,29766.202,-269,0,0,13220.41594,4271.312926,750,0,0,109652.3611,0.314672743,0.511696125,"Married One Kid, One Earner",488.30387,0,-1000.412
170000,2748.9,860.22,32666.202,-269,0,0,14436.41594,4952.272926,750,0,0,114535.4011,0.326262346,0.511696,"Married One Kid, One Earner",488.304,0,-680.412
180000,2748.9,860.22,35566.202,-269,0,0,15652.41594,5633.232926,750,0,0,119418.4411,0.336564216,0.511696,"Married One Kid, One Earner",488.304,0,-360.412
190000,2748.9,860.22,38466.202,-269,0,0,16868.41594,6314.192926,750,0,0,124301.4811,0.345781678,0.511696,"Married One Kid, One Earner",488.304,0,-40.412
200000,2748.9,860.22,41366.202,-269,0,0,18084.41594,6995.152926,750,0,0,129464.1091,0.352679454,0.4837372,"Married One Kid, One Earner",516.2628,0,0
210000,2748.9,860.22,44266.202,-269,0,0,19300.41594,7676.112926,900,0,0,134517.1491,0.359442147,0.494696,"Married One Kid, One Earner",505.304,0,0
220000,2748.9,860.22,47551.202,-269,0,0,20516.41594,8357.072926,900,0,0,139335.1891,0.366658231,0.518196,"Married One Kid, One Earner",481.804,0,0
230000,2748.9,860.22,50851.202,-269,0,0,21832.41594,9094.032926,900,0,0,143982.2291,0.373990308,0.535296,"Married One Kid, One Earner",464.704,0,0
240000,2748.9,860.22,54151.202,-269,0,0,23148.41594,9830.992926,900,0,0,148629.2691,0.380711379,0.535296,"Married One Kid, One Earner",464.704,0,0
250000,2748.9,860.22,57451.202,-269,0,0,24464.41594,10567.95293,900,0,0,153276.3091,0.386894763,0.535296,"Married One Kid, One Earner",464.704,0,0
260000,2748.9,860.22,60751.202,-269,0,0,25780.41594,11304.91293,900,0,0,157923.3491,0.392602503,0.535296,"Married One Kid, One Earner",464.704,0,0
270000,2748.9,860.22,64051.202,-269,0,0,27096.41594,12041.87293,900,0,0,162570.3891,0.397887448,0.535296,"Married One Kid, One Earner",464.704,0,0
280000,2748.9,860.22,67351.202,-269,0,0,28412.41594,12778.83293,900,0,0,167217.4291,0.402794896,0.535296,"Married One Kid, One Earner",464.704,0,0
290000,2748.9,860.22,70651.202,-269,0,0,29728.41594,13515.79293,900,0,0,171864.4691,0.4073639,0.535296,"Married One Kid, One Earner",464.704,0,0
300000,2748.9,860.22,73951.202,-269,0,0,31044.41594,14252.75293,900,0,0,176511.5091,0.411628303,0.535296,"Married One Kid, One Earner",464.704,0,0
310000,2748.9,860.22,77251.202,-269,0,0,32360.41594,14989.71293,900,0,0,181158.5491,0.415617583,0.535296,"Married One Kid, One Earner",464.704,0,0
320000,2748.9,860.22,80551.202,-269,0,0,33676.41594,15726.67293,900,0,0,185805.5891,0.419357534,0.535296,"Married One Kid, One Earner",464.704,0,0
330000,2748.9,860.22,83851.202,-269,0,0,34992.41594,16463.63293,900,0,0,190452.6291,0.422870821,0.535296,"Married One Kid, One Earner",464.704,0,0
340000,2748.9,860.22,87151.202,-269,0,0,36308.41594,17200.59293,900,0,0,195099.6691,0.426177444,0.535296,"Married One Kid, One Earner",464.704,0,0
350000,2748.9,860.22,90451.202,-269,0,0,37624.41594,17937.55293,900,0,0,199746.7091,0.429295117,0.535296,"Married One Kid, One Earner",464.704,0,0
360000,2748.9,860.22,93751.202,-269,0,0,38940.41594,18674.51293,900,0,0,204393.7491,0.432239586,0.535296,"Married One Kid, One Earner",464.704,0,0
370000,2748.9,860.22,97051.202,-269,0,0,40256.41594,19411.47293,900,0,0,209040.7891,0.435024894,0.535296,"Married One Kid, One Earner",464.704,0,0
380000,2748.9,860.22,100351.202,-269,0,0,41572.41594,20148.43293,900,0,0,213687.8291,0.437663608,0.535296,"Married One Kid, One Earner",464.704,0,0
390000,2748.9,860.22,103651.202,-269,0,0,42888.41594,20885.39293,900,0,0,218334.8691,0.440167002,0.535296,"Married One Kid, One Earner",464.704,0,0
400000,2748.9,860.22,106951.202,-269,0,0,44204.41594,21622.35293,900,0,0,222981.9091,0.442545227,0.535296,"Married One Kid, One Earner",464.704,0,0
1000,0,0,0,-307,0,-866,0,0,0,-1232,-15000,34202.96,-33.20296,0,"Married Two Kids, One Earner",,-2805.96,-12992
2000,0,0,0,-307,0,-866,0,0,0,-1232,-15000,35202.96,-16.60148,0,"Married Two Kids, One Earner",1000,-2805.96,-12992
3000,0,48.6,0,-307,0,-866,0,0,0,-1232,-14700,35854.36,-10.95145333,0.3486,"Married Two Kids, One Earner",651.4,-2805.96,-12992
4000,25.5,64.8,0,-307,-260,-866,0,0,0,-1232,-14200,36572.66,-8.143165,0.2817,"Married Two Kids, One Earner",718.3,-2805.96,-12992
5000,76.5,81,0,-307,-520,-866,0,0,0,-1232,-13700,37265.46,-6.453092,0.3072,"Married Two Kids, One Earner",692.8,-2805.96,-12992
6000,127.5,97.2,0,-307,-780,-866,0,0,0,-1232,-13200,37958.26,-5.326376667,0.3072,"Married Two Kids, One Earner",692.8,-2805.96,-12992
7000,178.5,113.4,0,-307,-1040,-866,0,0,0,-1232,-12700,38651.06,-4.52158,0.3072,"Married Two Kids, One Earner",692.8,-2805.96,-12992
8000,229.5,129.6,0,-307,-1300,-866,0,0,0,-1232,-12200,39343.86,-3.9179825,0.3072,"Married Two Kids, One Earner",692.8,-2805.96,-12992
9000,280.5,145.8,0,-307,-1560,-866,0,0,0,-1232,-11700,40036.66,-3.448517778,0.3072,"Married Two Kids, One Earner",692.8,-2805.96,-12992
10000,331.5,162,0,-307,-1820,-866,0,0,0,-1232,-11200,40729.46,-3.072946,0.3072,"Married Two Kids, One Earner",692.8,-2805.96,-12992
11000,382.5,178.2,0,-307,-2080,-866,0,0,0,-1232,-10700,41422.26,-2.76566,0.3072,"Married Two Kids, One Earner",692.8,-2805.96,-12992
12000,433.5,194.4,0,-307,-2335,-866,0,0,0,-1232,-10200,42110.06,-2.509171667,0.3122,"Married Two Kids, One Earner",687.8,-2805.96,-12992
13000,484.5,210.6,0,-307,-2335,-866,0,0,0,-1232,-9700,42542.86,-2.272527692,0.5672,"Married Two Kids, One Earner",432.8,-2805.96,-12992
14000,535.5,226.8,0,-307,-2335,-866,0,0,0,-1232,-9200,42975.66,-2.06969,0.5672,"Married Two Kids, One Earner",432.8,-2805.96,-12992
15000,586.5,243,0,-307,-2335,-866,0,0,0,-1232,-8700,43408.46,-1.893897333,0.5672,"Married Two Kids, One Earner",432.8,-2805.96,-12992
16000,637.5,259.2,0,-307,-2335,-866,0,0,0,-1232,-8200,43841.26,-1.74007875,0.5672,"Married Two Kids, One Earner",432.8,-2805.96,-12992
17000,688.5,275.4,0,-307,-2335,-866,0,0,0,-1232,-7700,44274.06,-1.604356471,0.5672,"Married Two Kids, One Earner",432.8,-2805.96,-12992
18000,739.5,291.6,0,-307,-2218,-866,0,0,0,-1232,-7200,44589.86,-1.477214444,0.6842,"Married Two Kids, One Earner",315.8,-2805.96,-12992
19000,790.5,307.8,0,-307,-2098,-866,0,0,0,-1232,-6700,44902.66,-1.363297895,0.6872,"Married Two Kids, One Earner",312.8,-2805.96,-12992
20000,841.5,324,0,-307,-1978,-866,0,0,0,-1232,-6200,45215.46,-1.260773,0.6872,"Married Two Kids, One Earner",312.8,-2805.96,-12992
21000,892.5,340.2,0,-307,-1858,-866,0,0,60,-1232,-5700,45468.26,-1.165155238,0.7472,"Married Two Kids, One Earner",252.8,-2805.96,-12992
22000,943.5,356.4,0,-307,-1738,-866,0,0,120,-1232,-5200,45674.34,-1.076106364,0.79392,"Married Two Kids, One Earner",206.08,-2759.24,-12992
23000,994.5,372.6,0,-307,-1618,-866,0,0,180,-1232,-4700,45847.14,-0.993353913,0.8272,"Married Two Kids, One Earner",172.8,-2679.24,-12992
24000,1045.5,388.8,0,-307,-1498,-866,0,0,240,-1232,-4200,46019.94,-0.9174975,0.8272,"Married Two Kids, One Earner",172.8,-2599.24,-12992
25000,1096.5,405,0,-307,-1378,-866,0,0,300,-1232,-3700,46192.74,-0.8477096,0.8272,"Married Two Kids, One Earner",172.8,-2519.24,-12992
26000,1147.5,421.2,0,-307,-1258,-866,0,0,300,-1232,-3200,46425.54,-0.785597692,0.7672,"Married Two Kids, One Earner",232.8,-2439.24,-12992
27000,1198.5,437.4,0.615,-307,-1138,-866,0,0,300,-1232,-2700,46657.725,-0.728063889,0.767815,"Married Two Kids, One Earner",232.185,-2359.24,-12992
28000,1249.5,453.6,140.535,-307,-1018,-866,0,0,300,-1232,-2200,46750.605,-0.669664464,0.90712,"Married Two Kids, One Earner",92.88,-2279.24,-12992
29000,1300.5,469.8,280.455,-307,-898,-866,0,0,300,-1232,-1700,46843.485,-0.615292586,0.90712,"Married Two Kids, One Earner",92.88,-2199.24,-12992
30000,1351.5,486,420.375,-307,-778,-866,0,0,300,-1215.24,-1200,46919.605,-0.563986833,0.92388,"Married Two Kids, One Earner",76.12,-2119.24,-12992
31000,1402.5,502.2,560.295,-307,-658,-866,0,0,300,-1175.24,-700,46898.235,-0.51284629,1.02137,"Married Two Kids, One Earner",-21.37,-2039.24,-12917.75
32000,1453.5,518.4,700.215,-307,-538,-866,0,0,300,-1135.24,-200,46816.115,-0.463003594,1.08212,"Married Two Kids, One Earner",-82.12,-1959.24,-12782.75
33000,1504.5,534.6,840.135,-307,-418,-866,0,0,300,-1095.24,0,47033.995,-0.425272576,0.78212,"Married Two Kids, One Earner",217.88,-1879.24,-12647.75
34000,1555.5,550.8,980.055,-307,-298,-866,0,0,300,-1055.24,0,47451.875,-0.395643382,0.58212,"Married Two Kids, One Earner",417.88,-1799.24,-12512.75
35000,1606.5,567,1119.975,-307,-178,-866,0,0,300,-1015.24,0,47869.755,-0.367707286,0.58212,"Married Two Kids, One Earner",417.88,-1719.24,-12377.75
36000,1657.5,583.2,1259.895,-307,-58,-866,0,0,300,-975.24,0,48287.635,-0.341323194,0.58212,"Married Two Kids, One Earner",417.88,-1639.24,-12242.75
37000,1708.5,599.4,1399.815,-307,62,-864.8,0,0,360,-935.24,0,48644.315,-0.314711216,0.64332,"Married Two Kids, One Earner",356.68,-1559.24,-12107.75
38000,1759.5,615.6,1539.735,-307,0,-814.8,0,0,420,-895.24,0,49134.195,-0.293005132,0.51012,"Married Two Kids, One Earner",489.88,-1479.24,-11972.75
39000,1810.5,631.8,1679.655,-307,0,-764.8,8.03035,0,450,-855.24,0,49584.04465,-0.27138576,0.55015035,"Married Two Kids, One Earner",449.84965,-1399.24,-11837.75
40000,1861.5,648,1819.575,-307,0,-714.8,55.13675,0,450,-815.24,0,50024.81825,-0.250620456,0.5592264,"Married Two Kids, One Earner",440.7736,-1319.24,-11702.75
41000,1912.5,664.2,1959.495,-307,0,-664.8,102.24315,0,450,-775.24,0,50465.59185,-0.230868094,0.5592264,"Married Two Kids, One Earner",440.7736,-1239.24,-11567.75
42000,1963.5,680.4,2099.415,-307,0,-614.8,149.34955,0,450,-735.24,0,50906.36545,-0.21205632,0.5592264,"Married Two Kids, One Earner",440.7736,-1159.24,-11432.75
43000,2014.5,696.6,2239.335,-307,0,-564.8,196.45595,0,450,-695.24,0,51347.13905,-0.194119513,0.5592264,"Married Two Kids, One Earner",440.7736,-1079.24,-11297.75
44000,2065.5,712.8,2379.255,-307,0,-514.8,247.41335,0,450,-655.24,0,51784.06165,-0.176910492,0.5630774,"Married Two Kids, One Earner",436.9226,-999.24,-11162.75
45000,2116.5,729,2519.175,-307,0,-464.8,335.51975,0,450,-615.24,0,52183.83525,-0.159640783,0.6002264,"Married Two Kids, One Earner",399.7736,-919.24,-11027.75
46000,2167.5,745.2,2659.095,-307,0,-414.8,423.62615,0,450,-575.24,0,52583.60885,-0.143121932,0.6002264,"Married Two Kids, One Earner",399.7736,-839.24,-10892.75
47000,2218.5,761.4,2799.015,-307,0,-364.8,511.73255,0,450,-535.24,0,52983.38245,-0.12730601,0.6002264,"Married Two Kids, One Earner",399.7736,-759.24,-10757.75
48000,2269.5,777.6,2959.785,-307,0,-314.8,599.83895,0,450,-495.24,0,53362.30605,-0.111714709,0.6210764,"Married Two Kids, One Earner",378.9236,-679.24,-10622.75
49000,2320.5,793.8,3154.705,-307,0,-264.8,687.94535,0,600,-455.24,0,53557.07965,-0.093001626,0.8052264,"Married Two Kids, One Earner",194.7736,-599.24,-10487.75
50000,2371.5,810,3349.625,-307,0,-214.8,776.05175,0,600,-415.24,0,53901.85325,-0.078037065,0.6552264,"Married Two Kids, One Earner",344.7736,-519.24,-10352.75
51000,2422.5,826.2,3544.545,-307,0,-164.8,864.15815,0,600,-375.24,0,54246.62685,-0.06365935,0.6552264,"Married Two Kids, One Earner",344.7736,-439.24,-10217.75
52000,2473.5,842.4,3739.465,-307,0,-114.8,952.26455,0,600,-335.24,0,54591.40045,-0.049834624,0.6552264,"Married Two Kids, One Earner",344.7736,-359.24,-10082.75
53000,2524.5,858.6,3934.385,-307,0,-64.8,1040.37095,0,600,-295.24,0,54936.17405,-0.036531586,0.6552264,"Married Two Kids, One Earner",344.7736,-279.24,-9947.75
54000,2575.5,860.22,4131.492,-307,0,-14.8,1129.21364,0,600,-255.24,0,55292.60436,-0.023937118,0.64356969,"Married Two Kids, One Earner",356.43031,-199.24,-9812.75
55000,2626.5,860.22,4328.842,-307,0,0,1218.13814,0,600,-215.24,0,55685.52986,-0.012464179,0.6070745,"Married Two Kids, One Earner",392.9255,-119.24,-9677.75
56000,2677.5,860.22,4526.192,-307,0,0,1307.06264,0,600,-175.24,0,56093.25536,-0.001665274,0.5922745,"Married Two Kids, One Earner",407.7255,-39.24,-9542.75
57000,2728.5,860.22,4723.542,-307,0,0,1395.98714,0,600,-135.24,0,56541.74086,0.008039634,0.5515145,"Married Two Kids, One Earner",448.4855,0,-9407.75
58000,2748.9,860.22,4925.482,-307,0,0,1486.45694,0,600,-95.24,0,57053.93106,0.016311533,0.4878098,"Married Two Kids, One Earner",512.1902,0,-9272.75
59000,2748.9,860.22,5130.482,-307,0,0,1577.95694,0,600,-55.24,0,57582.43106,0.024026592,0.4715,"Married Two Kids, One Earner",528.5,0,-9137.75
60000,2748.9,860.22,5335.482,-307,0,0,1669.45694,0,600,-15.24,0,58110.93106,0.031484482,0.4715,"Married Two Kids, One Earner",528.5,0,-9002.75
61000,2748.9,860.22,5540.482,-307,0,0,1860.95694,0,600,0,0,58564.19106,0.039931294,0.54674,"Married Two Kids, One Earner",453.26,0,-8867.75
62000,2748.9,860.22,5745.482,-307,0,0,2052.45694,0,600,0,0,59032.69106,0.047859822,0.5315,"Married Two Kids, One Earner",468.5,0,-8732.75
63000,2748.9,860.22,5950.482,-307,0,0,2243.95694,0,600,0,0,59501.19106,0.05553665,0.5315,"Married Two Kids, One Earner",468.5,0,-8597.75
64000,2748.9,860.22,6155.482,-307,0,0,2435.45694,0,600,0,0,59969.69106,0.062973577,0.5315,"Married Two Kids, One Earner",468.5,0,-8462.75
65000,2748.9,860.22,6360.482,-307,0,0,2626.95694,0,600,0,0,60438.19106,0.070181676,0.5315,"Married Two Kids, One Earner",468.5,0,-8327.75
66000,2748.9,860.22,6565.482,-307,0,0,2818.45694,0,600,0,0,60908.56306,0.077142984,0.529628,"Married Two Kids, One Earner",470.372,0,-8194.622
67000,2748.9,860.22,6770.482,-307,0,0,3009.95694,0,600,0,0,61455.06306,0.082760253,0.4535,"Married Two Kids, One Earner",546.5,0,-8137.622
68000,2748.9,860.22,6975.482,-307,0,0,3201.45694,0,600,0,0,62001.56306,0.088212308,0.4535,"Married Two Kids, One Earner",546.5,0,-8080.622
69000,2748.9,860.22,7180.482,-307,0,0,3342.95694,0,600,0,0,62598.06306,0.092781695,0.4035,"Married Two Kids, One Earner",596.5,0,-8023.622
70000,2748.9,860.22,7385.482,-307,0,0,3434.45694,0,600,0,0,63244.56306,0.096506242,0.3535,"Married Two Kids, One Earner",646.5,0,-7966.622
71000,2748.9,860.22,7590.482,-307,0,0,3525.95694,0,600,0,0,63891.06306,0.100125872,0.3535,"Married Two Kids, One Earner",646.5,0,-7909.622
72000,2748.9,860.22,7795.482,-307,0,0,3617.45694,0,600,0,0,64537.56306,0.103644958,0.3535,"Married Two Kids, One Earner",646.5,0,-7852.622
73000,2748.9,860.22,8000.482,-307,0,0,3708.95694,0,700,0,0,65084.06306,0.108437492,0.4535,"Married Two Kids, One Earner",546.5,0,-7795.622
74000,2748.9,860.22,8205.482,-307,0,0,3800.45694,0,750,0,0,65680.56306,0.112424824,0.4035,"Married Two Kids, One Earner",596.5,0,-7738.622
75000,2748.9,860.22,8410.482,-307,0,0,3891.95694,0,750,0,0,66327.06306,0.115639159,0.3535,"Married Two Kids, One Earner",646.5,0,-7681.622
76000,2748.9,860.22,8615.482,-307,0,0,3983.45694,0,750,0,0,66973.56306,0.118768907,0.3535,"Married Two Kids, One Earner",646.5,0,-7624.622
77000,2748.9,860.22,8820.482,-307,0,0,4074.95694,0,750,0,0,67620.06306,0.121817363,0.3535,"Married Two Kids, One Earner",646.5,0,-7567.622
78000,2748.9,860.22,9025.482,-307,0,0,4166.45694,0,750,0,0,68266.56306,0.124787653,0.3535,"Married Two Kids, One Earner",646.5,0,-7510.622
79000,2748.9,860.22,9230.482,-307,0,0,4257.95694,0,750,0,0,68913.06306,0.127682746,0.3535,"Married Two Kids, One Earner",646.5,0,-7453.622
80000,2748.9,860.22,9435.482,-307,0,0,4349.45694,0,750,0,0,69559.56306,0.130505462,0.3535,"Married Two Kids, One Earner",646.5,0,-7396.622
81000,2748.9,860.22,9640.482,-307,0,0,4440.95694,0,750,0,0,70206.06306,0.133258481,0.3535,"Married Two Kids, One Earner",646.5,0,-7339.622
82000,2748.9,860.22,9845.482,-307,0,0,4532.45694,0,750,0,0,70852.56306,0.135944353,0.3535,"Married Two Kids, One Earner",646.5,0,-7282.622
83000,2748.9,860.22,10050.482,-307,0,0,4623.95694,0,750,0,0,71499.06306,0.138565505,0.3535,"Married Two Kids, One Earner",646.5,0,-7225.622
84000,2748.9,860.22,10255.482,-307,0,0,4715.45694,0,750,0,0,72145.56306,0.141124249,0.3535,"Married Two Kids, One Earner",646.5,0,-7168.622
85000,2748.9,860.22,10460.482,-307,0,0,4806.95694,13.391388,750,0,0,72778.67167,0.143780333,0.366891388,"Married Two Kids, One Earner",633.10861,0,-7111.622
86000,2748.9,860.22,10665.482,-307,0,0,4898.45694,31.691388,750,0,0,73406.87167,0.146431725,0.3718,"Married Two Kids, One Earner",628.2,0,-7054.622
87000,2748.9,860.22,10870.482,-307,0,0,4989.95694,49.991388,750,0,0,74035.07167,0.149022165,0.3718,"Married Two Kids, One Earner",628.2,0,-6997.622
88000,2748.9,860.22,11075.482,-307,0,0,5085.21514,69.043028,750,0,0,74658.76183,0.151604979,0.37630984,"Married Two Kids, One Earner",623.69016,0,-6940.622
89000,2748.9,860.22,11280.482,-307,0,0,5196.81514,91.363028,750,0,0,75262.84183,0.154350092,0.39592,"Married Two Kids, One Earner",604.08,0,-6883.622
90000,2748.9,860.22,11485.482,-307,0,0,5308.41514,113.683028,750,0,0,75866.92183,0.157034202,0.39592,"Married Two Kids, One Earner",604.08,0,-6826.622
91000,2748.9,860.22,11690.482,-307,0,0,5420.01514,136.003028,750,0,0,76471.00183,0.159659321,0.39592,"Married Two Kids, One Earner",604.08,0,-6769.622
92000,2748.9,860.22,11895.482,-307,0,0,5531.61514,158.323028,750,0,0,77075.08183,0.162227371,0.39592,"Married Two Kids, One Earner",604.08,0,-6712.622
93000,2748.9,860.22,12100.482,-307,0,0,5643.21514,180.643028,750,0,0,77679.16183,0.164740195,0.39592,"Married Two Kids, One Earner",604.08,0,-6655.622
94000,2748.9,860.22,12305.482,-307,0,0,5754.81514,202.963028,750,0,0,78283.24183,0.167199555,0.39592,"Married Two Kids, One Earner",604.08,0,-6598.622
95000,2748.9,860.22,12510.482,-307,0,0,5866.41514,225.283028,750,0,0,78887.32183,0.169607139,0.39592,"Married Two Kids, One Earner",604.08,0,-6541.622
96000,2748.9,860.22,12755.292,-307,0,0,5978.01514,247.603028,750,0,0,79451.59183,0.172379252,0.43573,"Married Two Kids, One Earner",564.27,0,-6484.622
97000,2748.9,860.22,13015.292,-307,0,0,6089.61514,278.0644784,750,0,0,79992.53038,0.175334738,0.45906145,"Married Two Kids, One Earner",540.93855,0,-6427.622
98000,2748.9,860.22,13275.292,-307,0,0,6201.21514,340.5604784,750,0,0,80501.43438,0.178556792,0.491096,"Married Two Kids, One Earner",508.904,0,-6370.622
99000,2748.9,860.22,13535.292,-307,0,0,6312.81514,403.0564784,750,0,0,81010.33838,0.181713754,0.491096,"Married Two Kids, One Earner",508.904,0,-6313.622
100000,2748.9,860.22,13795.292,-307,0,0,6424.41514,465.5524784,750,0,0,81519.24238,0.184807576,0.491096,"Married Two Kids, One Earner",508.904,0,-6256.622
110000,2748.9,860.22,16395.292,-307,0,0,7540.41514,1090.512478,750,0,0,86608.28238,0.212651978,0.491096,"Married Two Kids, One Earner",508.904,0,-5686.622
120000,2748.9,860.22,18995.292,-307,0,0,8656.41514,1715.472478,750,0,0,91697.32238,0.235855647,0.491096,"Married Two Kids, One Earner",508.904,0,-5116.622
130000,2748.9,860.22,21595.292,-307,0,0,9772.41514,2340.432478,750,0,0,96786.36238,0.25548952,0.491096,"Married Two Kids, One Earner",508.904,0,-4546.622
140000,2748.9,860.22,24195.292,-307,0,0,10888.41514,2965.392478,750,0,0,101875.4024,0.272318554,0.491096,"Married Two Kids, One Earner",508.904002,0,-3976.622
150000,2748.9,860.22,26866.202,-307,0,0,12004.41514,3590.352478,750,0,0,106893.5324,0.287376451,0.498187,"Married Two Kids, One Earner",501.813,0,-3406.622
160000,2748.9,860.22,29766.202,-307,0,0,13220.41594,4271.312926,750,0,0,111526.5711,0.30295893,0.536696125,"Married Two Kids, One Earner",463.30387,0,-2836.622
170000,2748.9,860.22,32666.202,-307,0,0,14436.41594,4952.272926,750,0,0,116159.6111,0.31670817,0.536696,"Married Two Kids, One Earner",463.304,0,-2266.622
180000,2748.9,860.22,35566.202,-307,0,0,15652.41594,5633.232926,750,0,0,120792.6511,0.328929716,0.536696,"Married Two Kids, One Earner",463.304,0,-1696.622
190000,2748.9,860.22,38466.202,-307,0,0,16868.41594,6314.192926,750,0,0,125425.6911,0.339864784,0.536696,"Married Two Kids, One Earner",463.304,0,-1126.622
200000,2748.9,860.22,41366.202,-307,0,0,18084.41594,6995.152926,750,0,0,130058.7311,0.349706344,0.536696,"Married Two Kids, One Earner",463.304,0,-556.622
210000,2748.9,860.22,44266.202,-307,0,0,19300.41594,7676.112926,900,0,0,134555.1491,0.359261195,0.5503582,"Married Two Kids, One Earner",449.6418,0,0
220000,2748.9,860.22,47551.202,-307,0,0,20516.41594,8357.072926,900,0,0,139373.1891,0.366485504,0.518196,"Married Two Kids, One Earner",481.804,0,0
230000,2748.9,860.22,50851.202,-307,0,0,21832.41594,9094.032926,900,0,0,144020.2291,0.373825091,0.535296,"Married Two Kids, One Earner",464.704,0,0
240000,2748.9,860.22,54151.202,-307,0,0,23148.41594,9830.992926,900,0,0,148667.2691,0.380553045,0.535296,"Married Two Kids, One Earner",464.704,0,0
250000,2748.9,860.22,57451.202,-307,0,0,24464.41594,10567.95293,900,0,0,153314.3091,0.386742763,0.535296,"Married Two Kids, One Earner",464.704,0,0
260000,2748.9,860.22,60751.202,-307,0,0,25780.41594,11304.91293,900,0,0,157961.3491,0.392456349,0.535296,"Married Two Kids, One Earner",464.704,0,0
270000,2748.9,860.22,64051.202,-307,0,0,27096.41594,12041.87293,900,0,0,162608.3891,0.397746707,0.535296,"Married Two Kids, One Earner",464.704,0,0
280000,2748.9,860.22,67351.202,-307,0,0,28412.41594,12778.83293,900,0,0,167255.4291,0.402659182,0.535296,"Married Two Kids, One Earner",464.704,0,0
290000,2748.9,860.22,70651.202,-307,0,0,29728.41594,13515.79293,900,0,0,171902.4691,0.407232865,0.535296,"Married Two Kids, One Earner",464.704,0,0
300000,2748.9,860.22,73951.202,-307,0,0,31044.41594,14252.75293,900,0,0,176549.5091,0.411501636,0.535296,"Married Two Kids, One Earner",464.704,0,0
310000,2748.9,860.22,77251.202,-307,0,0,32360.41594,14989.71293,900,0,0,181196.5491,0.415495003,0.535296,"Married Two Kids, One Earner",464.704,0,0
320000,2748.9,860.22,80551.202,-307,0,0,33676.41594,15726.67293,900,0,0,185843.5891,0.419238784,0.535296,"Married Two Kids, One Earner",464.704,0,0
330000,2748.9,860.22,83851.202,-307,0,0,34992.41594,16463.63293,900,0,0,190490.6291,0.422755669,0.535296,"Married Two Kids, One Earner",464.704,0,0
340000,2748.9,860.22,87151.202,-307,0,0,36308.41594,17200.59293,900,0,0,195137.6691,0.426065679,0.535296,"Married Two Kids, One Earner",464.704,0,0
350000,2748.9,860.22,90451.202,-307,0,0,37624.41594,17937.55293,900,0,0,199784.7091,0.429186545,0.535296,"Married Two Kids, One Earner",464.704,0,0
360000,2748.9,860.22,93751.202,-307,0,0,38940.41594,18674.51293,900,0,0,204431.7491,0.43213403,0.535296,"Married Two Kids, One Earner",464.704,0,0
370000,2748.9,860.22,97051.202,-307,0,0,40256.41594,19411.47293,900,0,0,209078.7891,0.434922192,0.535296,"Married Two Kids, One Earner",464.704,0,0
380000,2748.9,860.22,100351.202,-307,0,0,41572.41594,20148.43293,900,0,0,213725.8291,0.437563608,0.535296,"Married Two Kids, One Earner",464.704,0,0
390000,2748.9,860.22,103651.202,-307,0,0,42888.41594,20885.39293,900,0,0,218372.8691,0.440069566,0.535296,"Married Two Kids, One Earner",464.704,0,0
400000,2748.9,860.22,106951.202,-307,0,0,44204.41594,21622.35293,900,0,0,223019.9091,0.442450227,0.535296,"Married Two Kids, One Earner",464.704,0,0
1000,0,0,0,-383,0,-1164,0,0,0,-1848,-16056,52046.92,-51.04692,0,"Married Four Kids, One Earner",,-5611.92,-25984
2000,0,0,0,-383,0,-1164,0,0,0,-1848,-16056,53046.92,-25.52346,0,"Married Four Kids, One Earner",1000,-5611.92,-25984
3000,0,48.6,0,-383,0,-1164,0,0,0,-1848,-15756,53698.32,-16.89944,0.3486,"Married Four Kids, One Earner",651.4,-5611.92,-25984
4000,25.5,64.8,0,-383,-260,-1164,0,0,0,-1848,-15256,54416.62,-12.604155,0.2817,"Married Four Kids, One Earner",718.3,-5611.92,-25984
5000,76.5,81,0,-383,-520,-1164,0,0,0,-1848,-14756,55109.42,-10.021884,0.3072,"Married Four Kids, One Earner",692.8,-5611.92,-25984
6000,127.5,97.2,0,-383,-780,-1164,0,0,0,-1848,-14256,55802.22,-8.30037,0.3072,"Married Four Kids, One Earner",692.8,-5611.92,-25984
7000,178.5,113.4,0,-383,-1040,-1164,0,0,0,-1848,-13756,56495.02,-7.070717143,0.3072,"Married Four Kids, One Earner",692.8,-5611.92,-25984
8000,229.5,129.6,0,-383,-1300,-1164,0,0,0,-1848,-13256,57187.82,-6.1484775,0.3072,"Married Four Kids, One Earner",692.8,-5611.92,-25984
9000,280.5,145.8,0,-383,-1560,-1164,0,0,0,-1848,-12756,57880.62,-5.43118,0.3072,"Married Four Kids, One Earner",692.8,-5611.92,-25984
10000,331.5,162,0,-383,-1820,-1164,0,0,0,-1848,-12256,58573.42,-4.857342,0.3072,"Married Four Kids, One Earner",692.8,-5611.92,-25984
11000,382.5,178.2,0,-383,-2080,-1164,0,0,0,-1848,-11756,59266.22,-4.387838182,0.3072,"Married Four Kids, One Earner",692.8,-5611.92,-25984
12000,433.5,194.4,0,-383,-2335,-1164,0,0,0,-1848,-11256,59954.02,-3.996168333,0.3122,"Married Four Kids, One Earner",687.8,-5611.92,-25984
13000,484.5,210.6,0,-383,-2335,-1164,0,0,0,-1848,-10756,60386.82,-3.64514,0.5672,"Married Four Kids, One Earner",432.8,-5611.92,-25984
14000,535.5,226.8,0,-383,-2335,-1164,0,0,0,-1848,-10256,60819.62,-3.344258571,0.5672,"Married Four Kids, One Earner",432.8,-5611.92,-25984
15000,586.5,243,0,-383,-2335,-1164,0,0,0,-1848,-9756,61252.42,-3.083494667,0.5672,"Married Four Kids, One Earner",432.8,-5611.92,-25984
16000,637.5,259.2,0,-383,-2335,-1164,0,0,0,-1848,-9256,61685.22,-2.85532625,0.5672,"Married Four Kids, One Earner",432.8,-5611.92,-25984
17000,688.5,275.4,0,-383,-2335,-1164,0,0,0,-1848,-8756,62118.02,-2.654001176,0.5672,"Married Four Kids, One Earner",432.8,-5611.92,-25984
18000,739.5,291.6,0,-383,-2218,-1164,0,0,0,-1848,-8256,62433.82,-2.468545556,0.6842,"Married Four Kids, One Earner",315.8,-5611.92,-25984
19000,790.5,307.8,0,-383,-2098,-1164,0,0,0,-1848,-7756,62746.62,-2.302453684,0.6872,"Married Four Kids, One Earner",312.8,-5611.92,-25984
20000,841.5,324,0,-383,-1978,-1164,0,0,0,-1848,-7256,63059.42,-2.152971,0.6872,"Married Four Kids, One Earner",312.8,-5611.92,-25984
21000,892.5,340.2,0,-383,-1858,-1164,0,0,60,-1848,-6756,63312.22,-2.014867619,0.7472,"Married Four Kids, One Earner",252.8,-5611.92,-25984
22000,943.5,356.4,0,-383,-1738,-1164,0,0,120,-1848,-6256,63518.3,-1.887195455,0.79392,"Married Four Kids, One Earner",206.08,-5565.2,-25984
23000,994.5,372.6,0,-383,-1618,-1164,0,0,180,-1848,-5756,63691.1,-1.769178261,0.8272,"Married Four Kids, One Earner",172.8,-5485.2,-25984
24000,1045.5,388.8,0,-383,-1498,-1164,0,0,240,-1848,-5256,63863.9,-1.660995833,0.8272,"Married Four Kids, One Earner",172.8,-5405.2,-25984
25000,1096.5,405,0,-383,-1378,-1164,0,0,300,-1848,-4756,64036.7,-1.561468,0.8272,"Married Four Kids, One Earner",172.8,-5325.2,-25984
26000,1147.5,421.2,0,-383,-1258,-1164,0,0,300,-1848,-4256,64269.5,-1.471903846,0.7672,"Married Four Kids, One Earner",232.8,-5245.2,-25984
27000,1198.5,437.4,0.615,-383,-1138,-1164,0,0,300,-1848,-3756,64501.685,-1.388951296,0.767815,"Married Four Kids, One Earner",232.185,-5165.2,-25984
28000,1249.5,453.6,140.535,-383,-1018,-1164,0,0,300,-1848,-3256,64594.565,-1.30694875,0.90712,"Married Four Kids, One Earner",92.88,-5085.2,-25984
29000,1300.5,469.8,280.455,-383,-898,-1164,0,0,300,-1848,-2756,64687.445,-1.230601552,0.90712,"Married Four Kids, One Earner",92.88,-5005.2,-25984
30000,1351.5,486,420.375,-383,-778,-1164,0,0,300,-1831.24,-2256,64763.565,-1.1587855,0.92388,"Married Four Kids, One Earner",76.12,-4925.2,-25984
31000,1402.5,502.2,560.295,-383,-658,-1164,0,0,300,-1791.24,-1756,64689.945,-1.086772419,1.07362,"Married Four Kids, One Earner",-73.62,-4845.2,-25857.5
32000,1453.5,518.4,700.215,-383,-538,-1164,0,0,300,-1751.24,-1256,64512.825,-1.016025781,1.17712,"Married Four Kids, One Earner",-177.12,-4765.2,-25627.5
33000,1504.5,534.6,840.135,-383,-418,-1164,0,0,300,-1711.24,-756,64335.705,-0.949566818,1.17712,"Married Four Kids, One Earner",-177.12,-4685.2,-25397.5
34000,1555.5,550.8,980.055,-383,-298,-1164,0,0,300,-1671.24,-256,64158.585,-0.887017206,1.17712,"Married Four Kids, One Earner",-177.12,-4605.2,-25167.5
35000,1606.5,567,1119.975,-383,-178,-1164,0,0,300,-1631.24,0,64225.465,-0.835013286,0.93312,"Married Four Kids, One Earner",66.88,-4525.2,-24937.5
36000,1657.5,583.2,1259.895,-383,-58,-1164,0,0,300,-1591.24,0,64548.345,-0.793009583,0.67712,"Married Four Kids, One Earner",322.88,-4445.2,-24707.5
37000,1708.5,599.4,1399.815,-383,62,-1162.8,0,0,360,-1551.24,0,64810.025,-0.751622297,0.73832,"Married Four Kids, One Earner",261.68,-4365.2,-24477.5
38000,1759.5,615.6,1539.735,-383,0,-1112.8,0,0,420,-1511.24,0,65204.905,-0.715918553,0.60512,"Married Four Kids, One Earner",394.88,-4285.2,-24247.5
39000,1810.5,631.8,1679.655,-383,0,-1062.8,8.03035,0,450,-1471.24,0,65559.75465,-0.68101935,0.64515035,"Married Four Kids, One Earner",354.84965,-4205.2,-24017.5
40000,1861.5,648,1819.575,-383,0,-1012.8,55.13675,0,450,-1431.24,0,65905.52825,-0.647638206,0.6542264,"Married Four Kids, One Earner",345.7736,-4125.2,-23787.5
41000,1912.5,664.2,1959.495,-383,0,-962.8,102.24315,0,450,-1391.24,0,66251.30185,-0.615885411,0.6542264,"Married Four Kids, One Earner",345.7736,-4045.2,-23557.5
42000,1963.5,680.4,2099.415,-383,0,-912.8,149.34955,0,450,-1351.24,0,66597.07545,-0.585644654,0.6542264,"Married Four Kids, One Earner",345.7736,-3965.2,-23327.5
43000,2014.5,696.6,2239.335,-383,0,-862.8,196.45595,0,450,-1311.24,0,66942.84905,-0.556810443,0.6542264,"Married Four Kids, One Earner",345.7736,-3885.2,-23097.5
44000,2065.5,712.8,2379.255,-383,0,-812.8,247.41335,0,450,-1271.24,0,67284.77165,-0.529199356,0.6580774,"Married Four Kids, One Earner",341.9226,-3805.2,-22867.5
45000,2116.5,729,2519.175,-383,0,-762.8,335.51975,0,450,-1231.24,0,67589.54525,-0.501989894,0.6952264,"Married Four Kids, One Earner",304.7736,-3725.2,-22637.5
46000,2167.5,745.2,2659.095,-383,0,-712.8,423.62615,0,450,-1191.24,0,67894.31885,-0.475963453,0.6952264,"Married Four Kids, One Earner",304.7736,-3645.2,-22407.5
47000,2218.5,761.4,2799.015,-383,0,-662.8,511.73255,0,450,-1151.24,0,68199.09245,-0.45104452,0.6952264,"Married Four Kids, One Earner",304.7736,-3565.2,-22177.5
48000,2269.5,777.6,2959.785,-383,0,-612.8,599.83895,0,450,-1111.24,0,68483.01605,-0.426729501,0.7160764,"Married Four Kids, One Earner",283.9236,-3485.2,-21947.5
49000,2320.5,793.8,3154.705,-383,0,-562.8,687.94535,0,600,-1071.24,0,68582.78965,-0.399648768,0.9002264,"Married Four Kids, One Earner",99.7736,-3405.2,-21717.5
50000,2371.5,810,3349.625,-383,0,-512.8,776.05175,0,600,-1031.24,0,68832.56325,-0.376651265,0.7502264,"Married Four Kids, One Earner",249.7736,-3325.2,-21487.5
51000,2422.5,826.2,3544.545,-383,0,-462.8,864.15815,0,600,-991.24,0,69082.33685,-0.354555625,0.7502264,"Married Four Kids, One Earner",249.7736,-3245.2,-21257.5
52000,2473.5,842.4,3739.465,-383,0,-412.8,952.26455,0,600,-951.24,0,69332.11045,-0.333309816,0.7502264,"Married Four Kids, One Earner",249.7736,-3165.2,-21027.5
53000,2524.5,858.6,3934.385,-383,0,-362.8,1040.37095,0,600,-911.24,0,69581.88405,-0.312865737,0.7502264,"Married Four Kids, One Earner",249.7736,-3085.2,-20797.5
54000,2575.5,860.22,4131.492,-383,0,-312.8,1129.21364,0,600,-871.24,0,69843.31436,-0.29339471,0.73856969,"Married Four Kids, One Earner",261.43031,-3005.2,-20567.5
55000,2626.5,860.22,4328.842,-383,0,-262.8,1218.13814,0,600,-831.24,0,70106.03986,-0.27465527,0.7372745,"Married Four Kids, One Earner",262.7255,-2925.2,-20337.5
56000,2677.5,860.22,4526.192,-383,0,-212.8,1307.06264,0,600,-791.24,0,70368.76536,-0.256585096,0.7372745,"Married Four Kids, One Earner",262.7255,-2845.2,-20107.5
57000,2728.5,860.22,4723.542,-383,0,-162.8,1395.98714,0,600,-751.24,0,70631.49086,-0.239148962,0.7372745,"Married Four Kids, One Earner",262.7255,-2765.2,-19877.5
58000,2748.9,860.22,4925.482,-383,0,-112.8,1486.45694,0,600,-711.24,0,70918.68106,-0.22273588,0.7128098,"Married Four Kids, One Earner",287.1902,-2685.2,-19647.5
59000,2748.9,860.22,5130.482,-383,0,-62.8,1577.95694,0,600,-671.24,0,71222.18106,-0.207155611,0.6965,"Married Four Kids, One Earner",303.5,-2605.2,-19417.5
60000,2748.9,860.22,5335.482,-383,0,-12.8,1669.45694,0,600,-631.24,0,71525.68106,-0.192094684,0.6965,"Married Four Kids, One Earner",303.5,-2525.2,-19187.5
61000,2748.9,860.22,5540.482,-383,0,0,1860.95694,0,600,-591.24,0,71766.38106,-0.17649805,0.7593,"Married Four Kids, One Earner",240.7,-2445.2,-18957.5
62000,2748.9,860.22,5745.482,-383,0,0,2052.45694,0,600,-551.24,0,72019.88106,-0.161610985,0.7465,"Married Four Kids, One Earner",253.5,-2365.2,-18727.5
63000,2748.9,860.22,5950.482,-383,0,0,2243.95694,0,600,-511.24,0,72273.38106,-0.147196525,0.7465,"Married Four Kids, One Earner",253.5,-2285.2,-18497.5
64000,2748.9,860.22,6155.482,-383,0,0,2435.45694,0,600,-471.24,0,72526.88106,-0.133232517,0.7465,"Married Four Kids, One Earner",253.5,-2205.2,-18267.5
65000,2748.9,860.22,6360.482,-383,0,0,2626.95694,0,600,-431.24,0,72780.38106,-0.11969817,0.7465,"Married Four Kids, One Earner",253.5,-2125.2,-18037.5
66000,2748.9,860.22,6565.482,-383,0,0,2818.45694,0,600,-391.24,0,73037.12106,-0.106623046,0.74326,"Married Four Kids, One Earner",256.74,-2045.2,-17810.74
67000,2748.9,860.22,6770.482,-383,0,0,3009.95694,0,600,-351.24,0,73425.62106,-0.095904792,0.6115,"Married Four Kids, One Earner",388.5,-1965.2,-17715.74
68000,2748.9,860.22,6975.482,-383,0,0,3201.45694,0,600,-311.24,0,73814.12106,-0.08550178,0.6115,"Married Four Kids, One Earner",388.5,-1885.2,-17620.74
69000,2748.9,860.22,7180.482,-383,0,0,3342.95694,0,600,-271.24,0,74252.62106,-0.076124943,0.5615,"Married Four Kids, One Earner",438.5,-1805.2,-17525.74
70000,2748.9,860.22,7385.482,-383,0,0,3434.45694,0,600,-231.24,0,74741.12106,-0.067730301,0.5115,"Married Four Kids, One Earner",488.5,-1725.2,-17430.74
71000,2748.9,860.22,7590.482,-383,0,0,3525.95694,0,600,-191.24,0,75229.62106,-0.059572128,0.5115,"Married Four Kids, One Earner",488.5,-1645.2,-17335.74
72000,2748.9,860.22,7795.482,-383,0,0,3617.45694,0,600,-151.24,0,75718.12106,-0.05164057,0.5115,"Married Four Kids, One Earner",488.5,-1565.2,-17240.74
73000,2748.9,860.22,8000.482,-383,0,0,3708.95694,0,700,-111.24,0,76106.62106,-0.042556453,0.6115,"Married Four Kids, One Earner",388.5,-1485.2,-17145.74
74000,2748.9,860.22,8205.482,-383,0,0,3800.45694,0,750,-71.24,0,76545.12106,-0.034393528,0.5615,"Married Four Kids, One Earner",438.5,-1405.2,-17050.74
75000,2748.9,860.22,8410.482,-383,0,0,3891.95694,0,750,-31.24,0,77033.62106,-0.027114947,0.5115,"Married Four Kids, One Earner",488.5,-1325.2,-16955.74
76000,2748.9,860.22,8615.482,-383,0,0,3983.45694,0,750,0,0,77530.88106,-0.020143172,0.50274,"Married Four Kids, One Earner",497.26,-1245.2,-16860.74
77000,2748.9,860.22,8820.482,-383,0,0,4074.95694,0,750,0,0,78059.38106,-0.013758196,0.4715,"Married Four Kids, One Earner",528.5,-1165.2,-16765.74
78000,2748.9,860.22,9025.482,-383,0,0,4166.45694,0,750,0,0,78587.88106,-0.007536937,0.4715,"Married Four Kids, One Earner",528.5,-1085.2,-16670.74
79000,2748.9,860.22,9230.482,-383,0,0,4257.95694,0,750,0,0,79116.38106,-0.001473178,0.4715,"Married Four Kids, One Earner",528.5,-1005.2,-16575.74
80000,2748.9,860.22,9435.482,-383,0,0,4349.45694,0,750,0,0,79644.88106,0.004438987,0.4715,"Married Four Kids, One Earner",528.5,-925.2,-16480.74
81000,2748.9,860.22,9640.482,-383,0,0,4440.95694,0,750,0,0,80173.38106,0.010205172,0.4715,"Married Four Kids, One Earner",528.5,-845.2,-16385.74
82000,2748.9,860.22,9845.482,-383,0,0,4532.45694,0,750,0,0,80701.88106,0.015830719,0.4715,"Married Four Kids, One Earner",528.5,-765.2,-16290.74
83000,2748.9,860.22,10050.482,-383,0,0,4623.95694,0,750,0,0,81230.38106,0.02132071,0.4715,"Married Four Kids, One Earner",528.5,-685.2,-16195.74
84000,2748.9,860.22,10255.482,-383,0,0,4715.45694,0,750,0,0,81758.88106,0.026679987,0.4715,"Married Four Kids, One Earner",528.5,-605.2,-16100.74
85000,2748.9,860.22,10460.482,-383,0,0,4806.95694,13.391388,750,0,0,82273.98967,0.03207071,0.484891388,"Married Four Kids, One Earner",515.10861,-525.2,-16005.74
86000,2748.9,860.22,10665.482,-383,0,0,4898.45694,31.691388,750,0,0,82784.18967,0.037393143,0.4898,"Married Four Kids, One Earner",510.2,-445.2,-15910.74
87000,2748.9,860.22,10870.482,-383,0,0,4989.95694,49.991388,750,0,0,83294.38967,0.042593222,0.4898,"Married Four Kids, One Earner",510.2,-365.2,-15815.74
88000,2748.9,860.22,11075.482,-383,0,0,5085.21514,69.043028,750,0,0,83800.07983,0.047726366,0.49430984,"Married Four Kids, One Earner",505.69016,-285.2,-15720.74
89000,2748.9,860.22,11280.482,-383,0,0,5196.81514,91.363028,750,0,0,84286.15983,0.052964496,0.51392,"Married Four Kids, One Earner",486.08,-205.2,-15625.74
90000,2748.9,860.22,11485.482,-383,0,0,5308.41514,113.683028,750,0,0,84772.23983,0.058086224,0.51392,"Married Four Kids, One Earner",486.08,-125.2,-15530.74
91000,2748.9,860.22,11690.482,-383,0,0,5420.01514,136.003028,750,0,0,85258.31983,0.063095386,0.51392,"Married Four Kids, One Earner",486.08,-45.2,-15435.74
92000,2748.9,860.22,11895.482,-383,0,0,5531.61514,158.323028,750,0,0,85779.19983,0.067617393,0.47912,"Married Four Kids, One Earner",520.88,0,-15340.74
93000,2748.9,860.22,12100.482,-383,0,0,5643.21514,180.643028,750,0,0,86345.27983,0.071556131,0.43392,"Married Four Kids, One Earner",566.08,0,-15245.74
94000,2748.9,860.22,12305.482,-383,0,0,5754.81514,202.963028,750,0,0,86911.35983,0.075411066,0.43392,"Married Four Kids, One Earner",566.08,0,-15150.74
95000,2748.9,860.22,12510.482,-383,0,0,5866.41514,225.283028,750,0,0,87477.43983,0.079184844,0.43392,"Married Four Kids, One Earner",566.08,0,-15055.74
96000,2748.9,860.22,12755.292,-383,0,0,5978.01514,247.603028,750,0,0,88003.70983,0.083294689,0.47373,"Married Four Kids, One Earner",526.27,0,-14960.74
97000,2748.9,860.22,13015.292,-383,0,0,6089.61514,278.0644784,750,0,0,88506.64838,0.087560326,0.49706145,"Married Four Kids, One Earner",502.93855,0,-14865.74
98000,2748.9,860.22,13275.292,-383,0,0,6201.21514,340.5604784,750,0,0,88977.55238,0.092065792,0.529096,"Married Four Kids, One Earner",470.904,0,-14770.74
99000,2748.9,860.22,13535.292,-383,0,0,6312.81514,403.0564784,750,0,0,89448.45638,0.096480239,0.529096,"Married Four Kids, One Earner",470.904,0,-14675.74
100000,2748.9,860.22,13795.292,-383,0,0,6424.41514,465.5524784,750,0,0,89919.36038,0.100806396,0.529096,"Married Four Kids, One Earner",470.904,0,-14580.74
110000,2748.9,860.22,16395.292,-383,0,0,7540.41514,1090.512478,750,0,0,94628.40038,0.139741815,0.529096,"Married Four Kids, One Earner",470.904,0,-13630.74
120000,2748.9,860.22,18995.292,-383,0,0,8656.41514,1715.472478,750,0,0,99337.44038,0.172187997,0.529096,"Married Four Kids, One Earner",470.904,0,-12680.74
130000,2748.9,860.22,21595.292,-383,0,0,9772.41514,2340.432478,750,0,0,104046.4804,0.199642459,0.529096,"Married Four Kids, One Earner",470.904002,0,-11730.74
140000,2748.9,860.22,24195.292,-383,0,0,10888.41514,2965.392478,750,0,0,108755.5204,0.223174854,0.529096,"Married Four Kids, One Earner",470.904,0,-10780.74
150000,2748.9,860.22,26866.202,-383,0,0,12004.41514,3590.352478,750,0,0,113393.6504,0.244042331,0.536187,"Married Four Kids, One Earner",463.813,0,-9830.74
160000,2748.9,860.22,29766.202,-383,0,0,13220.41594,4271.312926,750,0,0,117646.6891,0.264708193,0.574696125,"Married Four Kids, One Earner",425.30387,0,-8880.74
170000,2748.9,860.22,32666.202,-383,0,0,14436.41594,4952.272926,750,0,0,121899.7291,0.28294277,0.574696,"Married Four Kids, One Earner",425.304,0,-7930.74
180000,2748.9,860.22,35566.202,-383,0,0,15652.41594,5633.232926,750,0,0,126152.7691,0.299151283,0.574696,"Married Four Kids, One Earner",425.304,0,-6980.74
190000,2748.9,860.22,38466.202,-383,0,0,16868.41594,6314.192926,750,0,0,130405.8091,0.313653636,0.574696,"Married Four Kids, One Earner",425.304,0,-6030.74
200000,2748.9,860.22,41366.202,-383,0,0,18084.41594,6995.152926,750,0,0,134658.8491,0.326705754,0.574696,"Married Four Kids, One Earner",425.304,0,-5080.74
210000,2748.9,860.22,44266.202,-383,0,0,19300.41594,7676.112926,900,0,0,138761.8891,0.339229099,0.589696,"Married Four Kids, One Earner",410.304,0,-4130.74
220000,2748.9,860.22,47551.202,-383,0,0,20516.41594,8357.072926,900,0,0,142629.9291,0.35168214,0.613196,"Married Four Kids, One Earner",386.804,0,-3180.74
230000,2748.9,860.22,50851.202,-383,0,0,21832.41594,9094.032926,900,0,0,146326.9691,0.363795786,0.630296,"Married Four Kids, One Earner",369.704,0,-2230.74
240000,2748.9,860.22,54151.202,-383,0,0,23148.41594,9830.992926,900,0,0,150024.0091,0.374899962,0.630296,"Married Four Kids, One Earner",369.704,0,-1280.74
250000,2748.9,860.22,57451.202,-383,0,0,24464.41594,10567.95293,900,0,0,153721.0491,0.385115803,0.630296,"Married Four Kids, One Earner",369.704,0,-330.74
260000,2748.9,860.22,60751.202,-383,0,0,25780.41594,11304.91293,900,0,0,158037.3491,0.392164042,0.56837,"Married Four Kids, One Earner",431.63,0,0
270000,2748.9,860.22,64051.202,-383,0,0,27096.41594,12041.87293,900,0,0,162684.3891,0.397465225,0.535296,"Married Four Kids, One Earner",464.704,0,0
280000,2748.9,860.22,67351.202,-383,0,0,28412.41594,12778.83293,900,0,0,167331.4291,0.402387753,0.535296,"Married Four Kids, One Earner",464.704,0,0
290000,2748.9,860.22,70651.202,-383,0,0,29728.41594,13515.79293,900,0,0,171978.4691,0.406970796,0.535296,"Married Four Kids, One Earner",464.704,0,0
300000,2748.9,860.22,73951.202,-383,0,0,31044.41594,14252.75293,900,0,0,176625.5091,0.411248303,0.535296,"Married Four Kids, One Earner",464.704,0,0
310000,2748.9,860.22,77251.202,-383,0,0,32360.41594,14989.71293,900,0,0,181272.5491,0.415249842,0.535296,"Married Four Kids, One Earner",464.704,0,0
320000,2748.9,860.22,80551.202,-383,0,0,33676.41594,15726.67293,900,0,0,185919.5891,0.419001284,0.535296,"Married Four Kids, One Earner",464.704,0,0
330000,2748.9,860.22,83851.202,-383,0,0,34992.41594,16463.63293,900,0,0,190566.6291,0.422525366,0.535296,"Married Four Kids, One Earner",464.704,0,0
340000,2748.9,860.22,87151.202,-383,0,0,36308.41594,17200.59293,900,0,0,195213.6691,0.42584215,0.535296,"Married Four Kids, One Earner",464.704,0,0
350000,2748.9,860.22,90451.202,-383,0,0,37624.41594,17937.55293,900,0,0,199860.7091,0.428969402,0.535296,"Married Four Kids, One Earner",464.704,0,0
360000,2748.9,860.22,93751.202,-383,0,0,38940.41594,18674.51293,900,0,0,204507.7491,0.431922919,0.535296,"Married Four Kids, One Earner",464.704,0,0
370000,2748.9,860.22,97051.202,-383,0,0,40256.41594,19411.47293,900,0,0,209154.7891,0.434716786,0.535296,"Married Four Kids, One Earner",464.704,0,0
380000,2748.9,860.22,100351.202,-383,0,0,41572.41594,20148.43293,900,0,0,213801.8291,0.437363608,0.535296,"Married Four Kids, One Earner",464.704,0,0
390000,2748.9,860.22,103651.202,-383,0,0,42888.41594,20885.39293,900,0,0,218448.8691,0.439874695,0.535296,"Married Four Kids, One Earner",464.704,0,0
400000,2748.9,860.22,106951.202,-383,0,0,44204.41594,21622.35293,900,0,0,223095.9091,0.442260227,0.535296,"Married Four Kids, One Earner",464.704,0,0